City,Feels Like Temp(F),Humidity(%),Pressure(hPa)
Brooklyn,40.73,71,1030
Dry Fork,-2.47,71,1023
Auburn,31.73,93,1001
Bartlett,56.93,88,1012
Madison,58.73,77,1019
Branson,37.13,100,1008
Constableville,33.53,93,1024
Chicago,24.53,93,1013
Loris,62.33,82,1030
Chicago,24.53,93,1013
Fort Worth,37.13,81,1010
Carey,46.13,87,1017
Flushing,28.13,81,1030
Raleigh,55.13,93,1030
Stockton,40.73,75,1026
West Grove,37.13,87,1030
Milton,53.33,82,1025
Holland,40.73,100,1013
Lewistown,20.93,93,1011
Schriever,67.73,94,1015
Anna,17.33,97,1018
Abbeville,29.93,86,1032
Orlando,67.73,88,1026
Crystal,-6.07,50,1026
Rossford,47.93,100,1016
Napa,42.53,87,1026
Jackson,37.13,93,1017
Edmond,11.93,92,1015
Newport News,53.33,82,1032
Willingboro,44.33,87,1030
Miami,69.53,83,1025
Bartow,69.53,77,1026
Avery,51.53,93,1014
Euless,33.53,93,1008
Elk Creek,-2.47,78,1020
Hempstead,37.13,87,1031
Nampa,22.73,69,1015
Manistee,28.13,93,1016
Las Vegas,33.53,43,1025
Ballwin,51.53,93,1007
Marysville,28.13,87,1001
Hermleigh,24.53,63,1014
Baltimore,44.33,93,1031
Brooklyn,40.73,71,1030
Old Tappan,40.73,76,1030
Corsicana,53.33,87,1006
Sparks,28.13,33,1019
Jerome,13.73,79,1017
Centertown,22.73,86,1011
Renton,33.53,81,1002
Morgan,47.93,100,1008
Waukomis,8.33,100,1016
Leigh,38.93,81,1019
Macon,44.33,87,1008
Long Beach,47.93,81,1024
North Webster,46.13,100,1014
Fairfax,44.33,76,1030
Monroeville,46.13,71,1023
Berryville,35.33,93,1006
Pensacola,65.93,100,1021
Sunrise,71.33,78,1025
Grand Rapids,37.13,93,1014
Artesia,47.93,81,1024
San Leandro,38.93,71,1026
Lakewood,4.73,78,1020
Cazadero,73.13,65,1013
Chicago,24.53,93,1013
Pasadena,73.13,94,1007
Woodbury,-6.07,77,1024
Mesa,40.73,29,1023
Portsmouth,35.33,81,1026
Inkster,42.53,100,1016
Strasburg,33.53,87,1033
Naples,33.53,66,1024
Ellensburg,20.93,86,1004
Jacksonville,62.33,88,1027
Otis,33.53,75,1027
Killeen,47.93,87,1008
Okemah,15.53,93,1011
Cincinnati,51.53,100,1017
Bluff City,49.73,63,1026
Vancouver,26.33,93,999
Iselin,40.73,76,1030
Effie,60.53,100,1011
Glassboro,38.93,81,1030
Fort Lauderdale,71.33,78,1025
Dayton,46.13,87,1018
Greene,29.93,100,1012
Nashville,49.73,72,1018
Philadelphia,40.73,81,1030
Bensalem,40.73,81,1031
Glendale,38.93,39,1022
Killen,58.73,77,1018
Madison,58.73,77,1019
San Francisco,40.73,71,1026
Cottonport,73.13,83,1011
Helena,13.73,81,1007
Gilmore City,-7.87,84,1022
Claude,2.93,79,1017
Carterville,55.13,87,1011
Jetersville,53.33,82,1030
Rockledge,65.93,100,1026
Aptos,40.73,81,1027
San Diego,46.13,87,1024
Los Angeles,44.33,71,1023
Tamaqua,33.53,87,1029
Austin,49.73,77,1007
Merrillville,38.93,100,1012
Bakersfield,31.73,70,1026
Kansas City,8.33,79,1018
Groveport,46.13,87,1020
Manlius,33.53,93,1025
Sacramento,38.93,81,1025
Irvine,46.13,81,1024
Gulfport,64.13,93,1018
Garden Grove,47.93,81,1024
Columbia,56.93,93,1029
Nachusa,19.13,98,1013
Puyallup,33.53,93,1003
Portland,35.33,87,1007
Vernon,19.13,92,1004
Northridge,46.13,87,1018
Winston-salem,42.53,100,1029
North Dartmouth,40.73,81,1030
Inez,71.33,83,1008
Trout,73.13,83,1011
Houston,71.33,94,1007
Metairie,73.13,94,1017
Exeter,33.53,88,1025
Rexford,6.53,91,1009
Brooklyn,40.73,71,1030
Galax,44.33,93,1028
San Diego,46.13,87,1024
Madeira Beach,71.33,77,1025
Cabot,64.13,93,1006
Bayside,40.73,93,1023
Auburn,31.73,93,1001
North Tonawanda,44.33,100,1021
Hazlehurst,64.13,82,1026
Austin,49.73,77,1007
Tacoma,29.93,87,1002
San Mateo,91.13,58,1010
Britton,-18.67,83,1029
Orange,46.13,81,1024
Wakefield,31.73,81,1016
Sandy,11.93,73,1023
Sparkman,51.53,72,1020
Roma,35.33,93,1026
Bennett,2.93,85,1018
Windham,42.53,87,1030
Thomaston,56.93,82,1026
Jamaica,73.13,88,1021
North Hollywood,44.33,54,1024
Minneapolis,-6.07,50,1026
Marina Del Rey,46.13,76,1024
Miami,69.53,83,1025
Indianapolis,49.73,93,1014
Vicksburg,67.73,83,1012
State College,28.13,99,1027
Grand Forks,-27.67,75,1030
Sierra Vista,24.53,59,1023
Eatontown,42.53,81,1031
Tallahassee,65.93,77,1024
Tavernier,74.93,88,1024
Grand Rapids,37.13,93,1014
Danville,46.13,81,1030
Zephyrhills,71.33,83,1026
Riverside,38.93,49,1023
Union,40.73,76,1030
Vineland,42.53,76,1031
Duluth,-15.07,59,1029
Bloomfield,42.53,87,1030
Butner,51.53,87,1031
Agua Dulce,73.13,93,1013
Las Vegas,33.53,43,1025
Cohasset,40.73,81,1030
Traverse City,24.53,80,1018
Minneapolis,-6.07,50,1026
Woburn,38.93,71,1028
Fresno,35.33,75,1027
Port Washington,38.93,71,1030
Philadelphia,40.73,81,1030
Urbana,44.33,93,1009
Chicago,24.53,93,1013
Montpelier,29.93,86,1027
Gloversville,31.73,99,1027
Bel Air,82.13,74,1013
Indianapolis,49.73,93,1014
Swanton,47.93,100,1016
Gary,35.33,100,1012
Las Vegas,33.53,43,1025
Houston,71.33,94,1007
Wilmington,60.53,77,1031
Berea,44.33,81,1020
Baltimore,44.33,93,1031
Clarkton,49.73,88,1009
Shallotte,62.33,77,1031
New Albany,55.13,87,1016
Horseheads,35.33,100,1025
Maplewood,-4.27,55,1026
Mccurtain,42.53,100,1012
Cleveland,40.73,81,1019
Saint Albans,35.33,81,1026
Gauley Bridge,51.53,55,1022
Aptos,40.73,81,1027
Jeannette,46.13,62,1024
La Mirada,47.93,81,1024
Milligan,-4.27,78,1023
Pine Bluff,58.73,88,1007
Mandan,-15.07,83,1024
St Clair,67.73,53,1012
Metairie,73.13,94,1017
Georgetown,94.73,66,1011
Roanoke,42.53,81,1030
Kingston,69.53,79,1017
Lake Mills,20.93,100,1018
Missoula,8.33,92,1008
Griswold,-4.27,78,1021
Dalton,53.33,77,1024
Westbury,38.93,87,1031
Des Allemands,64.13,88,1015
Indianapolis,49.73,93,1014
Tucker,55.13,82,1025
Cross City,65.93,82,1026
Whittier,47.93,81,1024
Indianapolis,49.73,93,1014
Fall River,38.93,81,1030
New Iberia,65.93,100,1013
River Edge,38.93,81,1030
Washington,19.13,92,1006
Los Angeles,44.33,71,1023
Cove,80.33,97,1013
Hempstead,37.13,87,1031
West Palm Beach,71.33,83,1026
Williamsburg,53.33,72,1032
Lincoln,-6.07,78,1023
Concord,42.53,81,1026
Majestic,58.73,64,1021
Lakeland,69.53,77,1026
Easton,38.93,80,1029
Houghton Lake,22.73,95,1017
Phoenix,38.93,34,1022
Bronx,38.93,71,1030
Joplin,22.73,93,1014
Rockford,15.53,86,1015
Richardson,35.33,87,1007
Newberry,19.13,92,1021
Grand Haven,38.93,87,1014
Dumont,38.93,81,1030
Birmingham,58.73,64,1021
Robertsville,42.53,81,1031
Fort Wayne,44.33,87,1016
College Springs,-4.27,72,1020
Summerville,64.13,77,1028
Connellsville,46.13,76,1025
Culpeper,46.13,76,1030
Tuba City,15.53,55,1024
Gilbertsville,40.73,93,1030
Durham,51.53,82,1030
Lawrenceville,55.13,93,1026
Broadway,47.93,87,1028
Youngsville,67.73,83,1013
Albany,31.73,70,1028
San Antonio,55.13,82,1012
Encinitas,44.33,81,1023
Souderton,42.53,93,1030
Contoocook,31.73,86,1028
Shreveport,65.93,78,1006
Portland,35.33,87,1007
Delray Beach,71.33,78,1025
El Centro,44.33,37,1023
Long Grove,24.53,93,1014
Lamont,33.53,92,1025
Suwanee,55.13,93,1026
Pike Road,65.93,82,1021
Dubois,51.53,93,1015
Jamaica,73.13,88,1021
Skokie,26.33,93,1014
Emeryville,38.93,71,1026
Emmaus,40.73,87,1030
San Diego,46.13,87,1024
Klamath Falls,15.53,74,1015
Kansas City,8.33,79,1018
Inyokern,28.13,51,1024
Littleton,4.73,78,1020
Lantana,71.33,83,1026
Somerset,42.53,87,1030
Shreveport,65.93,78,1006
Birmingham,58.73,64,1021
West Columbia,64.13,88,1007
Winters,38.93,75,1025
Clover,49.73,100,1029
Knapp,38.93,81,1026
Hampton,53.33,87,1032
South Bend,47.93,93,1013
Childress,19.13,64,1016
Fredericksburg,47.93,100,1030
Orange,46.13,81,1024
Daytona Beach,69.53,94,1027
Lyons,24.53,93,1013
Howe,37.13,93,1007
El Paso,31.73,34,1021
Huntsville,58.73,77,1019
Omaha,-9.67,72,1022
Wilkes-barre,31.73,87,1028
Minneapolis,-6.07,50,1026
Westbrook,29.93,75,1027
Signal Hill,47.93,81,1024
Spring Grove,22.73,93,1014
Chicago,24.53,93,1013
Maryville,47.93,63,1023
East Cleveland,40.73,81,1019
York,38.93,76,1028
Broadlands,44.33,87,1029
Bland,51.53,93,1029
Copperhill,51.53,93,1026
Macungie,40.73,87,1030
Chesterfield,55.13,67,1031
Green Ridge,20.93,92,1014
Skokie,26.33,93,1014
Orlando,67.73,88,1026
Eagle Grove,-6.07,78,1021
Emerson,38.93,81,1030
Rockford,15.53,86,1015
Chandler,40.73,49,1022
Milton,53.33,82,1025
Jefferson,55.13,87,1016
Franklin Park,22.73,100,1013
Bellingham,31.73,93,998
Corona,46.13,81,1024
Needville,73.13,94,1007
Hutto,44.33,82,1008
Lake Stevens,26.33,87,1001
Brooklyn,40.73,71,1030
Madison,58.73,77,1019
Massillon,47.93,93,1020
Gadsden,58.73,77,1022
Hawkinsville,60.53,88,1025
Lancaster,38.93,81,1029
Commack,40.73,93,1031
Morehead City,55.13,68,1033
Louisville,55.13,87,1016
Stevens Point,13.73,68,1020
Lancaster,38.93,81,1029
Duluth,-15.07,59,1029
Laredo,58.73,18,1011
Silver Spring,44.33,81,1030
Columbia,56.93,93,1029
Indio,38.93,49,1023
Gladstone,85.73,58,1009
Sharpsburg,47.93,71,1023
South Lake Tahoe,24.53,64,1022
Bridgeport,37.13,93,1030
Rogers,22.73,86,1014
Littleton,4.73,78,1020
Chicago,24.53,93,1013
Memphis,56.93,88,1012
Paris,31.73,80,1033
Alexandria,15.53,81,1036
Hudson Falls,29.93,86,1027
Post Falls,22.73,92,1006
Callahan,64.13,82,1027
San Antonio,55.13,82,1012
Hillsboro,33.53,81,1007
Las Vegas,33.53,43,1025
Houston,71.33,94,1007
Cincinnati,51.53,100,1017
Pea Ridge,53.33,55,1021
Bronx,38.93,71,1030
Louisville,55.13,87,1016
Fort Worth,37.13,81,1010
Clinton,42.53,93,1017
Greeneville,49.73,63,1026
New Ulm,-11.47,71,1026
Toledo,26.33,86,1031
Doral,69.53,83,1025
Grand Island,-9.67,72,1024
Grand Island,-9.67,72,1024
Baltimore,44.33,93,1031
Laredo,58.73,18,1011
Rainsville,53.33,77,1022
West Palm Beach,71.33,83,1026
Marion,49.73,93,1014
Seaside,37.13,81,1027
Cambridge,37.13,100,1020
Little Rock,65.93,93,1006
Bridgeville,47.93,71,1023
Hialeah,71.33,78,1025
Los Angeles,44.33,71,1023
Lake Ozark,26.33,100,1012
Gonzales,42.53,81,1027
Wittensville,51.53,55,1022
Missoula,8.33,92,1008
Carrboro,51.53,82,1030
Nederland,65.93,88,1008
Dubuque,8.33,92,1015
Dalmatia,31.73,98,1029
Bethel,38.93,76,1030
Leland,60.53,77,1031
New Castle,47.93,87,1022
Los Banos,89.33,58,1010
Delray Beach,71.33,78,1025
Pittsburgh,47.93,71,1023
Warsaw,37.13,93,1018
Buckhannon,47.93,62,1024
Otisville,35.33,86,1029
Trenton,38.93,81,1030
Rancho Palos Verdes,46.13,81,1024
South Gate,46.13,71,1023
Billings,10.13,78,1010
Taylor,29.93,65,1015
North Miami,71.33,78,1025
Newburyport,38.93,70,1029
Pittsburgh,47.93,71,1023
Cocoa,73.13,94,1026
Davis,15.53,62,1022
Genoa,29.93,61,1026
Sumter,67.73,83,1026
Springfield,29.93,100,1012
Boynton Beach,71.33,83,1026
Clearfield,35.33,100,1025
Santa Clara,73.13,94,1021
Macon,44.33,87,1008
San Diego,46.13,87,1024
Ajo,37.13,42,1023
Palo Alto,38.93,87,1027
Dadeville,62.33,77,1023
Austin,47.93,77,1007
Wells,38.93,81,1026
Orchard Park,44.33,100,1021
Los Fresnos,65.93,83,1006
Oak Hill,46.13,71,1026
Glencoe,62.33,71,1022
Albrightsville,33.53,87,1028
Rancho Cordova,38.93,81,1025
Stockbridge,56.93,87,1026
Bakersfield,31.73,70,1026
Dayton,46.13,87,1018
Freeport,37.13,87,1031
Lodi,40.73,86,1026
Minnetonka,-4.27,51,1025
Hallandale Beach,71.33,78,1025
Morganton,44.33,93,1031
Central Islip,40.73,93,1031
Chico,40.73,66,1024
San Antonio,55.13,82,1012
Edgewood,40.73,93,1031
Estelline,19.13,64,1016
Fort Collins,4.73,78,1019
Fremont,38.93,81,1026
New York,40.73,71,1030
Gary,35.33,100,1012
Encinitas,44.33,81,1023
Hampton,53.33,87,1032
Fort Oglethorpe,55.13,72,1023
Baltimore,44.33,93,1031
Ashland,42.53,87,1019
Minneapolis,-6.07,50,1026
Arvada,2.93,78,1020
Fresno,35.33,75,1027
Pine Bush,35.33,86,1029
Brooklyn,40.73,71,1030
Haddonfield,40.73,81,1030
High Point,46.13,100,1029
Chicago,24.53,93,1013
Park Hall,44.33,87,1027
Roma,33.53,93,1026
Chicago,24.53,93,1013
Latham,2.93,92,1017
Mannsville,24.53,100,1011
Elwood,55.13,55,1019
Warrenville,22.73,93,1012
Snellville,56.93,93,1026
El Paso,31.73,34,1021
Long Beach,47.93,81,1024
Brooklyn,40.73,71,1030
Quantico,46.13,76,1031
Dania Beach,71.33,78,1025
Ashland,42.53,87,1019
Huntington Park,46.13,71,1023
Marienville,37.13,93,1024
Sterling Heights,42.53,100,1017
Quechee,29.93,98,1027
Kerrville,49.73,41,1010
Standish,29.93,100,1017
Richfield,-4.27,55,1026
St Petersburg,71.33,88,1025
Rosholt,-22.27,76,1029
Fairfax,44.33,76,1030
Milton,53.33,82,1025
Smithfield,42.53,87,1030
Baltimore,44.33,93,1031
Churubusco,46.13,100,1014
Sunny Isles Beach,71.33,78,1025
Stockton,40.73,75,1026
Clearwater,71.33,77,1025
Chicago,24.53,93,1013
Santa Barbara,40.73,81,1024
Springfield,29.93,100,1012
Glen Allen,51.53,72,1031
Santa Ana,46.13,81,1024
Tehachapi,31.73,92,1025
Stockton,40.73,75,1026
Clara City,-18.67,77,1027
South Pittsburg,55.13,72,1023
Fort Collins,4.73,78,1019
Miami,69.53,83,1025
Fort Smith,44.33,100,1009
Chicago,24.53,93,1013
Commack,40.73,93,1031
Fort Wayne,44.33,87,1016
Palm Harbor,71.33,77,1025
Corona,46.13,81,1024
Akron,47.93,93,1020
Conneaut,42.53,87,1021
Mooresville,47.93,93,1030
Petaluma,42.53,93,1026
Daytona Beach,69.53,94,1027
Wichita Falls,22.73,76,1015
Saint Peter,73.13,74,1016
Tucson,33.53,69,1022
Hartford,37.13,81,1030
Trinidad,80.33,86,1008
Pineville,73.13,83,1011
Ottumwa,8.33,92,1015
Muskegon,37.13,87,1014
Port Charlotte,69.53,88,1025
Bovina,8.33,92,1017
Kirkland,31.73,93,1001
Riverside,38.93,49,1023
Methuen,38.93,70,1029
Peoria,29.93,93,1009
Fullerton,47.93,81,1024
Chico,40.73,66,1024
Perrysburg,47.93,100,1016
Zephyr Cove,22.73,64,1022
Danville,46.13,81,1030
Blairsville,44.33,62,1024
Sacramento,38.93,81,1025
Woodside,38.93,81,1027
Lakewood,4.73,78,1020
Santa Rosa,91.13,58,1010
Detroit,42.53,100,1016
King Of Prussia,38.93,87,1030
Denver,4.73,78,1020
Land O Lakes,69.53,100,1026
Bear River City,11.93,49,1023
Barnet,35.33,81,1026
Howard,44.33,81,1030
Sloan,44.33,100,1021
Colorado City,22.73,73,1025
Cincinnati,51.53,100,1017
Escondido,44.33,81,1023
Washington,19.13,92,1006
San Francisco,40.73,71,1026
Sloan,44.33,100,1021
Babson Park,69.53,88,1026
San Antonio,55.13,82,1012
Dingmans Ferry,38.93,93,1029
Shreveport,65.93,78,1006
Thornville,47.93,82,1021
Richmond,55.13,72,1031
Jamaica,73.13,88,1021
Collinsville,53.33,93,1008
Sumter,67.73,83,1026
Hidalgo,55.13,68,1016
Dayton,46.13,87,1018
Cape Coral,69.53,83,1024
Kingsport,49.73,67,1025
Reno,29.93,33,1019
Nathalie,44.33,87,1030
Las Vegas,33.53,43,1025
Carthage,38.93,100,1023
Council Bluffs,-6.07,85,1020
Downingtown,42.53,81,1030
Salmon,13.73,58,1014
Fort Lupton,2.93,78,1020
San Lorenzo,85.73,88,1007
El Campo,69.53,88,1006
Wellsboro,31.73,100,1025
Ashland,42.53,87,1019
Prestonsburg,53.33,55,1022
Baltimore,44.33,93,1031
Youngstown,47.93,93,1020
Lompoc,38.93,93,1025
Skiatook,22.73,82,1013
Calvin,67.73,83,1009
Rockwall,46.13,93,1004
Westland,31.73,75,1030
Cincinnati,51.53,100,1017
Bonita Springs,71.33,94,1024
Baker City,17.33,86,1012
East Setauket,38.93,93,1031
New York,40.73,71,1030
Belmont,38.93,81,1027
Tacoma,29.93,87,1002
Lake Charles,71.33,88,1011
Santaquin,15.53,67,1024
Wilkinsburg,46.13,71,1023
Worcester,38.93,75,1029
Guntersville,56.93,72,1021
Salt Lake City,15.53,58,1023
Springfield,29.93,100,1012
San Diego,46.13,87,1024
Leavenworth,10.13,85,1018
Orleans,65.93,94,1017
Acworth,55.13,82,1024
Lansing,40.73,100,1015
Joliet,29.93,100,1012
Springfield,29.93,100,1012
Kansas City,8.33,79,1018
Covington,47.93,87,1018
Bronx,38.93,71,1030
Jonesboro,53.33,82,1009
Petaluma,42.53,93,1026
Carsonville,38.93,93,1017
Fenton,40.73,93,1015
Danville,46.13,81,1030
Seatac,31.73,93,1001
Alexandria,15.53,81,1036
Reamstown,40.73,81,1029
Dade City,71.33,100,1026
Henderson,31.73,41,1025
Clovis,35.33,75,1027
Manteca,40.73,86,1026
Richmond,55.13,72,1031
Emerson,38.93,81,1030
Alsip,24.53,93,1013
San Antonio,55.13,82,1012
Hampton,53.33,87,1032
Muskego,20.93,96,1016
West Lebanon,29.93,98,1027
La Habra,47.93,81,1024
Orlando,67.73,88,1026
Jewett,60.53,83,1005
Atlanta,55.13,82,1025
Lucedale,62.33,94,1020
Hurst,33.53,93,1008
Richmond Hill,35.33,100,1021
Johns Creek,55.13,93,1026
Winona,2.93,53,1023
Winkelman,31.73,66,1022
Bay City,35.33,93,1016
Kendall Park,42.53,87,1030
Milan,26.33,100,1027
Las Vegas,33.53,43,1025
Buffalo,44.33,100,1021
Bledsoe,24.53,59,1023
Jamaica,73.13,88,1021
Phoenix,38.93,34,1022
Howard Lake,-6.07,60,1027
Zebulon,55.13,93,1030
Houston,71.33,94,1007
Everett,24.53,87,1001
Rolling Meadows,28.13,100,1013
Danville,46.13,81,1030
Middle Amana,6.53,92,1015
Costa Mesa,47.93,81,1024
Newark,42.53,76,1030
Corona,46.13,81,1024
Greensboro,47.93,87,1030
Wrenshall,-11.47,58,1027
Dayton,46.13,87,1018
Jacksonville,62.33,88,1027
Winchester,37.13,81,1026
Newark,42.53,76,1030
Ray,49.73,76,1021
California City,28.13,69,1024
Gainesville,65.93,93,1026
Detroit,42.53,100,1016
Hampton,53.33,87,1032
Pasadena,73.13,94,1007
Gresham,35.33,87,1007
Brooklyn,40.73,71,1030
Oglala,-7.87,84,1021
Roselle,28.13,100,1013
Chicago,24.53,93,1013
Macomb,15.53,93,1011
Dallas,35.33,87,1007
Oswego,35.33,93,1025
Overland Park,10.13,100,1017
Huntington Station,38.93,87,1031
Hoffman Estates,28.13,100,1013
San Antonio,55.13,82,1012
Glendora,42.53,57,1023
Poquoson,53.33,87,1032
Annapolis,42.53,82,1032
Spotsylvania,47.93,100,1030
Salisbury,37.13,87,1026
Berwick,29.93,87,1029
Saltville,46.13,76,1026
Klamath Falls,15.53,74,1015
Blairsville,44.33,62,1024
Bremerton,31.73,93,1001
Orland Park,24.53,100,1012
Loganville,56.93,93,1026
Holley,44.33,100,1023
Ashland,42.53,87,1019
Great Falls,11.93,58,1004
Brooklyn,40.73,71,1030
Fresno,35.33,75,1027
Hiram,55.13,82,1024
Port Charlotte,69.53,88,1025
Landover,44.33,81,1030
Bottineau,-22.27,76,1025
Beavercreek,46.13,87,1019
Des Plaines,22.73,100,1013
Naperville,22.73,93,1012
Yantis,58.73,93,1006
Davie,71.33,78,1025
Newington,37.13,81,1030
Hartland,20.93,93,1016
Richardson,35.33,87,1007
Napa,42.53,87,1026
Claremore,19.13,100,1013
Broken Arrow,24.53,82,1013
Brooksville,67.73,73,1026
Yankton,-15.07,77,1027
Kenmore,31.73,93,1001
Santa Barbara,40.73,81,1024
Vero Beach,67.73,73,1026
Lafayette,69.53,83,1013
Royal Palm Beach,71.33,83,1026
Wauwatosa,20.93,96,1016
Bellevue,31.73,93,1001
Huron,44.33,76,1019
Jamaica Plain,38.93,71,1029
San Diego,46.13,87,1024
Lexington,55.13,67,1019
Kaufman,49.73,93,1004
Newark,42.53,76,1030
Broken Arrow,24.53,82,1013
Hansen,13.73,71,1016
West Plains,53.33,93,1006
Highlands Ranch,1.13,72,1017
Richardson,35.33,87,1007
Allen,44.33,87,1016
West Roxbury,38.93,66,1029
San Diego,46.13,87,1024
Pocatello,6.53,58,1018
La Crosse,10.13,79,1019
San Diego,46.13,87,1024
Cheboygan,22.73,87,1020
Santa Rosa,91.13,58,1010
Houston,71.33,94,1007
Toccoa,51.53,87,1027
Chicago,24.53,93,1013
Thomaston,56.93,82,1026
Overland Park,10.13,100,1017
Cape Coral,69.53,83,1024
Orlando,67.73,88,1026
Klein,69.53,83,1006
Columbia,56.93,93,1029
Kannapolis,47.93,93,1030
Falmouth,29.93,93,1026
Palestine,42.53,93,1023
Truckee,29.93,69,1021
Merchantville,40.73,81,1031
Brooklyn,40.73,71,1030
Topeka,6.53,79,1020
Allen Park,42.53,100,1016
Saint Joseph,4.73,79,1019
Hartford,37.13,81,1030
El Paso,31.73,34,1021
Farmingdale,37.13,87,1031
Honea Path,49.73,93,1028
Wyoming,1.13,78,1025
Agoura Hills,42.53,54,1024
West Point,55.13,100,1017
Plantation,71.33,78,1025
Elkmont,58.73,77,1019
Miami,69.53,83,1025
Thomaston,56.93,82,1026
Salt Lake City,15.53,58,1023
Lake Arrowhead,37.13,40,1024
Pittsburgh,47.93,71,1023
Los Angeles,44.33,71,1023
Titusville,71.33,94,1027
Los Angeles,44.33,71,1023
Brooklyn,40.73,71,1030
Tucson,33.53,69,1022
New Plymouth,58.73,65,1018
Webb,55.13,18,1011
Mullins,64.13,93,1030
Odessa,22.73,75,1020
Chicago,24.53,93,1013
Huntsville,58.73,77,1019
Shelton,40.73,93,1030
Bronx,38.93,71,1030
Lumberton,58.73,82,1030
Redwater,60.53,78,1005
Reeds Spring,33.53,100,1009
Sherburn,-16.87,70,1025
Charleston,60.53,73,1029
Beech Grove,47.93,100,1015
Saint Clair Shores,42.53,100,1017
Houston,71.33,94,1007
South Holland,31.73,100,1012
Caney,11.93,86,1015
Canton,67.73,60,1016
Herscher,37.13,100,1009
Mill Creek,24.53,87,1001
Burlington,44.33,87,1030
Desoto,37.13,87,1006
Winchester,37.13,81,1026
Union Gap,26.33,86,1004
Catasauqua,38.93,80,1029
Las Vegas,33.53,43,1025
Mesquite,37.13,87,1007
Wappingers Falls,38.93,80,1029
Herrin,55.13,87,1011
Columbus,46.13,82,1019
Villas,69.53,83,1024
Roseville,33.53,71,1026
Fairfax Station,42.53,81,1030
Attalla,58.73,77,1022
Crescent City,38.93,87,1021
Crossville,53.33,72,1022
Conneaut Lake,40.73,93,1022
Eugene,35.33,87,1013
Mount Clemens,42.53,93,1017
Seminole,69.53,88,1026
Bellingham,31.73,93,998
La Crosse,10.13,79,1019
Colmesneil,69.53,88,1006
Elkins Park,53.33,100,1008
Williston,-11.47,84,1019
Blue Springs,11.93,86,1017
Winchester,37.13,81,1026
Haslet,31.73,87,1009
Monmouth,42.53,81,1031
Jemez Pueblo,17.33,58,1019
Vansant,47.93,67,1025
Hutchinson,6.53,78,1021
Burbank,44.33,54,1024
Fernley,29.93,33,1019
Freeport,37.13,87,1031
South Lake Tahoe,24.53,64,1022
Oakland,42.53,93,1016
Burkburnett,20.93,76,1015
Philadelphia,40.73,81,1030
Playa Del Rey,46.13,76,1024
Raleigh,55.13,93,1030
Eugene,35.33,87,1013
Williamson,46.13,82,1007
Stanton,47.93,81,1024
Austell,55.13,82,1024
Houston,71.33,94,1007
Centerville,46.13,93,1018
Portland,35.33,87,1007
Cresskill,38.93,81,1030
Victoria,71.33,73,1016
Pomona,42.53,57,1023
Fort Worth,37.13,81,1010
Dallas,35.33,87,1007
Spokane Valley,22.73,86,1006
New Orleans,71.33,94,1017
Coxsackie,31.73,75,1027
Whitney Point,33.53,87,1026
Ocean Gate,44.33,100,1031
Oklahoma City,8.33,79,1012
Cobleskill,35.33,96,1027
Yucaipa,38.93,100,1023
Hansen,13.73,71,1016
Hubbard,47.93,87,1022
Chicago,24.53,93,1013
Guilford,44.33,81,1030
Vienna,29.93,86,1027
Mokena,24.53,100,1012
El Mirage,38.93,39,1022
Lexington,55.13,67,1019
Lubbock,11.93,69,1014
Minneapolis,-6.07,50,1026
Wichita,4.73,73,1018
Robbinsdale,-4.27,50,1026
Braintree,31.73,81,1026
Middletown,51.53,100,1017
Centralia,33.53,100,1003
Bristol,40.73,81,1030
Prosper,35.33,93,1007
Troutdale,31.73,76,1008
Dade City,71.33,100,1026
Saukville,24.53,96,1017
Crystal City,53.33,20,1012
Rosemont,38.93,81,1025
Claremore,19.13,100,1013
Rosemount,-2.47,66,1025
Sun Valley,24.53,44,1019
Spencer,-15.07,71,1024
Colorado Springs,2.93,85,1015
Richland,44.33,87,1019
Hillside,37.13,76,1030
Temple Hills,44.33,81,1030
Los Angeles,44.33,71,1023
Columbia,56.93,93,1029
Los Angeles,44.33,71,1023
Portland,35.33,87,1007
El Paso,31.73,34,1021
Fond Du Lac,19.13,80,1019
Bakersfield,31.73,70,1026
Grand Prairie,33.53,87,1007
Memphis,56.93,88,1012
Grand Rapids,37.13,93,1014
Memphis,56.93,88,1012
Myrtle Beach,60.53,88,1030
Evergreen,2.93,78,1020
Carthage,38.93,100,1023
Charlotte,47.93,93,1030
Ramona,46.13,86,1024
Rowland Heights,47.93,81,1024
Tarboro,56.93,87,1031
Boca Raton,71.33,78,1025
Pasadena,73.13,94,1007
Landenberg,37.13,87,1030
Castro Valley,40.73,81,1026
Fairfield,38.93,76,1030
Reno,29.93,33,1019
Terryville,38.93,93,1031
Colorado Springs,2.93,85,1015
Sharon Springs,-0.67,85,1023
Santa Monica,46.13,76,1024
Chesapeake,53.33,82,1032
Raleigh,55.13,93,1030
Shelley,31.73,81,1016
Des Plaines,22.73,100,1013
Apopka,65.93,88,1026
Dover Plains,37.13,80,1029
Monticello,-4.27,60,1027
Roseville,33.53,71,1026
Dayton,46.13,87,1018
Natchez,67.73,88,1013
Oklahoma City,8.33,79,1012
Cedar Grove,40.73,87,1030
New York,40.73,71,1030
Bakersfield,31.73,70,1026
Fitzwilliam,33.53,81,1020
Coral Springs,71.33,78,1025
Calverton,44.33,81,1030
Detroit,42.53,100,1016
Crowley,69.53,88,1012
Longmeadow,37.13,75,1029
West Palm Beach,71.33,83,1026
Greenfield,20.93,97,1016
Palmer,37.13,75,1029
Parker,33.53,81,1010
Kansas City,8.33,79,1018
New Britain,37.13,81,1030
West Roxbury,38.93,66,1029
Brookings,-16.87,83,1027
Conway,60.53,100,1006
Omaha,-9.67,72,1022
Southampton,37.13,81,1026
Eudora,10.13,85,1018
Abilene,29.93,65,1015
Wichita,4.73,73,1018
West Haven,40.73,93,1030
Hillsboro,33.53,81,1007
Fontana,42.53,71,1023
Midland,31.73,65,1013
Greenwood,55.13,100,1028
Dover,42.53,81,1030
Cincinnati,51.53,100,1017
Elkton,40.73,87,1031
Blanchard,11.93,78,1013
Morganton,44.33,93,1031
Canon City,2.93,78,1018
New York,40.73,71,1030
Gulfport,64.13,93,1018
Brandon,71.33,83,1026
Olympia,33.53,100,1003
Palmyra,35.33,71,1023
Stockton,40.73,75,1026
Colesburg,13.73,85,1019
Layton,15.53,62,1022
Waller,31.73,100,1003
Churubusco,46.13,100,1014
Rockford,15.53,86,1015
Walterboro,65.93,93,1029
Sarasota,71.33,94,1024
Berea,44.33,81,1020
Peekskill,40.73,76,1030
Radford,47.93,93,1029
Zeeland,28.13,81,1030
Baltimore,44.33,93,1031
Center,55.13,100,1006
Steeleville,51.53,87,1008
Los Alamos,15.53,58,1019
Toone,56.93,88,1014
Hempstead,37.13,87,1031
Auburn,31.73,93,1001
New York,40.73,71,1030
Littleton,4.73,78,1020
Redmond,31.73,93,1001
Calhoun,44.33,100,1014
Sarasota,71.33,94,1024
Kirksville,11.93,92,1014
San Diego,46.13,87,1024
Baltimore,44.33,93,1031
Cameron Park,38.93,100,1025
Warsaw,37.13,93,1018
Lake Arrowhead,37.13,40,1024
Birdsboro,40.73,86,1029
Aberdeen,37.13,81,1000
Glendale Heights,22.73,93,1012
New York,40.73,71,1030
Reading,35.33,81,1026
Hull,29.93,81,1018
Adelphi,44.33,81,1030
Portland,35.33,87,1007
Oroville,35.33,66,1024
Albany,31.73,70,1028
Brunswick,47.93,93,1020
Fairland,44.33,81,1030
Lindsay,35.33,87,1027
Columbus,46.13,82,1019
Bend,24.53,74,1009
Glen Ridge,42.53,87,1030
Jonesboro,53.33,82,1009
Globe,83.93,76,1012
Chicago,24.53,93,1013
Denison,33.53,93,1007
Ishpeming,10.13,79,1022
Colesburg,13.73,85,1019
Streamwood,22.73,93,1012
Bastrop,73.13,94,1010
Fort Valley,60.53,88,1025
Parsippany,40.73,76,1030
Caldwell,20.93,55,1015
Indianapolis,49.73,93,1014
Detroit,42.53,100,1016
Wauchula,71.33,88,1026
Moreno Valley,42.53,100,1023
Cookeville,51.53,72,1020
Spring Hill,71.33,100,1026
Ocala,67.73,93,1026
Callahan,64.13,82,1027
Ardmore,26.33,93,1010
Butler,51.53,100,1017
Milford Center,46.13,82,1019
Vero Beach,67.73,73,1026
Pine Bush,35.33,86,1029
Marysville,28.13,87,1001
Hobart,46.13,61,1008
Cranford,40.73,76,1030
Iuka,51.53,93,1015
Aliceville,60.53,88,1019
Logansport,49.73,93,1012
Baton Rouge,71.33,88,1014
Elmont,42.53,93,1031
Portland,35.33,87,1007
Roswell,53.33,82,1025
Auburn,31.73,93,1001
Sebring,69.53,83,1026
Gaffney,47.93,87,1029
Baton Rouge,71.33,88,1014
Brooklyn,40.73,71,1030
Oakland,42.53,93,1016
Girard,47.93,93,1020
Bronx,38.93,71,1030
Pittsburgh,47.93,71,1023
Naples,33.53,66,1024
Brooklyn,40.73,71,1030
Brentwood,40.73,93,1031
Maiden,44.33,76,1029
Sioux Falls,-13.27,70,1026
Long Beach,47.93,81,1024
Winslow,11.93,63,1024
Saint Clair Shores,42.53,100,1017
Pico Rivera,47.93,81,1024
Walsh,-25.87,76,1031
Spokane,19.13,86,1006
Largo,71.33,77,1025
Easton,38.93,80,1029
Plainfield,40.73,76,1030
Manchester,38.93,81,1019
North Conway,26.33,68,1027
Cuero,56.93,83,1008
Jamaica Plain,38.93,71,1029
Dallas,35.33,87,1007
Blytheville,49.73,77,1011
Gahanna,46.13,82,1019
Canastota,33.53,93,1025
Broadalbin,31.73,99,1027
Lake Havasu City,37.13,23,1024
Gifford,67.73,73,1026
Des Moines,-2.47,72,1018
St Petersburg,71.33,88,1025
Bellevue,31.73,93,1001
Johnson City,47.93,63,1026
Medina,38.93,65,1021
Vinton,42.53,81,1030
Iraan,35.33,46,1015
Sharpsville,44.33,76,1021
Monroe,38.93,93,1024
Portland,35.33,87,1007
Worthington,46.13,82,1019
Thornton,2.93,78,1020
Freedom,40.73,81,1027
Ettrick,55.13,67,1031
Johnsburg,22.73,93,1014
Richmond,55.13,72,1031
Virginia Beach,53.33,76,1032
Green Valley,33.53,69,1022
Memphis,56.93,88,1012
Madison,58.73,77,1019
Weston,71.33,78,1025
San Bernardino,38.93,40,1024
Sierra Vista,24.53,59,1023
Xenia,46.13,87,1019
Los Angeles,44.33,71,1023
Lawton,11.93,80,1012
Simpsonville,46.13,87,1029
Auburn,31.73,93,1001
Fostoria,44.33,87,1017
Tompkinsville,55.13,82,1017
Thomaston,56.93,82,1026
Midland,31.73,65,1013
Finleyville,47.93,71,1023
Kimball,-2.47,84,1019
Lake Worth,71.33,83,1026
Houston,71.33,94,1007
Lakewood,4.73,78,1020
Laredo,58.73,18,1011
Norman,11.93,78,1013
Amherst,44.33,100,1021
Calumet Park,31.73,100,1012
Upland,40.73,57,1023
San Antonio,55.13,82,1012
Warrensburg,19.13,91,1014
Lafayette,69.53,83,1013
Ventura,42.53,71,1024
Gallatin,10.13,68,1010
West New York,40.73,71,1030
Louisville,55.13,87,1016
West Allis,20.93,96,1016
Union,40.73,76,1030
Vienna,29.93,86,1027
Montgomery,44.33,81,1030
Minneapolis,-6.07,50,1026
Trumann,55.13,82,1009
Phoenix,38.93,34,1022
Crossville,53.33,72,1022
Cudahy,46.13,71,1023
Humble,73.13,94,1007
North Dartmouth,40.73,81,1030
Orange,46.13,81,1024
Sonoma,42.53,81,1025
Lakewood,4.73,78,1020
Cornell,1.13,60,1024
Davidsville,38.93,76,1025
Fontana,42.53,71,1023
Rossville,42.53,93,1031
Parkersburg,51.53,59,1023
Cranston,40.73,87,1030
Troy,44.33,100,1017
Holiday,69.53,77,1025
Plano,35.33,87,1007
Alexandria,15.53,81,1036
Seattle,31.73,93,1001
Oglala,-7.87,84,1021
Avon Park,69.53,88,1026
Williamsburg,53.33,72,1032
Marietta,55.13,82,1025
Holly Springs,55.13,93,1030
Rochester,38.93,93,1024
Bremen,29.93,99,1026
Brooklyn,40.73,71,1030
Lavergne,28.13,93,1033
Prescott,20.93,68,1024
Fallon,24.53,49,1018
Temple City,46.13,71,1023
Ann Arbor,40.73,87,1016
Dracut,38.93,70,1029
Ponchatoula,69.53,100,1015
Mineola,37.13,87,1031
Rio Grande City,65.93,69,1005
Bloomington,44.33,100,1009
Forks,35.33,93,997
Fresno,35.33,75,1027
Lexington,55.13,67,1019
Denton,31.73,93,1008
Bay City,35.33,93,1016
Westlake,44.33,81,1020
Stockton,40.73,75,1026
Lumberton,58.73,82,1030
Baltimore,44.33,93,1031
Indianapolis,49.73,93,1014
South Miami,69.53,83,1025
Miami,69.53,83,1025
Longmont,2.93,78,1020
Nashville,49.73,72,1018
Vernon,19.13,92,1004
Baltimore,44.33,93,1031
Amarillo,2.93,79,1017
Lafayette,69.53,83,1013
Stamford,40.73,76,1030
Warren,49.73,100,1018
North Reading,38.93,71,1029
Lewiston,28.13,74,1027
Dadeville,62.33,77,1023
Salem,76.73,69,1017
Chatsworth,69.53,88,1020
Lombard,22.73,93,1012
Mound City,4.73,72,1020
Manchester,38.93,81,1019
Tulsa,24.53,82,1013
Franklin,46.13,82,1019
Clarksville,53.33,100,1015
Holton,4.73,85,1018
Farmville,51.53,87,1030
Trenton,38.93,81,1030
Danbury,37.13,76,1030
Kellyville,22.73,82,1013
Tall Timbers,65.93,78,1006
Shawnee,6.53,79,1020
Paramus,38.93,81,1030
Houston,71.33,94,1007
Lawrenceville,55.13,93,1026
Hutchinson,6.53,78,1021
Peoria,29.93,93,1009
Suwanee,55.13,93,1026
Redlands,38.93,40,1024
Saint Johns,71.33,73,1020
Port Sulphur,64.13,94,1016
Miami,69.53,83,1025
Sunflower,62.33,94,1010
Staunton,46.13,87,1029
Wellesley,38.93,66,1029
Sloan,44.33,100,1021
Payson,15.53,67,1024
Lynn,38.93,71,1029
South Bend,47.93,93,1013
Atlanta,55.13,82,1025
Louisville,55.13,87,1016
Marysville,28.13,87,1001
Parma Heights,44.33,81,1020
Fort Bragg,55.13,100,1030
Hot Springs,64.13,77,1005
Oklahoma City,8.33,79,1012
Orlando,67.73,88,1026
Little Rock,65.93,93,1006
Rio Linda,35.33,71,1026
Gardnerville,17.33,45,1020
Central,69.53,83,1014
Edgewood,40.73,93,1031
Welda,28.13,93,1031
Long Beach,47.93,81,1024
Des Moines,-2.47,72,1018
Dunedin,51.53,53,999
South Shore,53.33,71,1020
Hallettsville,56.93,83,1008
Collins,69.53,100,1017
Golden Valley,-6.07,50,1026
Wichita,4.73,73,1018
Fedscreek,51.53,67,1025
Faribault,-4.27,78,1024
Chester,37.13,87,1030
Ray,49.73,76,1021
Hunt,46.13,100,1006
Lingleville,35.33,81,1012
Perry,51.53,67,1025
Indianapolis,49.73,93,1014
North Garden,44.33,76,1030
Charlotte,47.93,93,1030
Holiday,69.53,77,1025
Waterville,28.13,74,1026
Tucson,33.53,69,1022
Cardwell,22.73,92,1006
Sumter,67.73,83,1026
Loomis,35.33,76,1025
Humboldt,-24.07,91,1024
Dumas,4.73,86,1019
Elkridge,40.73,81,1030
Wickliffe,46.13,81,1019
Long Island City,40.73,71,1030
Eastpointe,42.53,100,1017
Clawson,44.33,100,1017
Pleasant Hill,42.53,81,1026
Chelsea,37.13,76,1027
Bethesda,44.33,81,1030
Brooklyn,40.73,71,1030
Tornillo,28.13,38,1020
Brooklyn,40.73,71,1030
Concord,42.53,81,1026
Boothwyn,38.93,81,1030
Tupelo,56.93,82,1016
Columbus,46.13,82,1019
La Vista,-4.27,78,1024
Clay,15.53,85,1018
Woodside,38.93,81,1027
Gray,8.33,74,1018
Ridgefield,38.93,81,1030
Fowlerville,42.53,100,1015
Chandler,40.73,49,1022
Chicago,24.53,93,1013
Tucson,33.53,69,1022
Coppell,35.33,87,1008
Tiburon,40.73,71,1026
Oklahoma City,8.33,79,1012
Columbus,46.13,82,1019
Godfrey,55.13,93,1008
Franklin Park,22.73,100,1013
Salt Lake City,15.53,58,1023
Montebello,46.13,71,1023
Ozark,31.73,100,1012
Cadillac,31.73,97,1016
Alhambra,46.13,71,1023
Albany,31.73,70,1028
Fairless Hills,40.73,81,1030
Kirkwood,55.13,93,1008
Lebanon,38.93,100,1029
Mcintosh,15.53,68,1020
Grove City,46.13,87,1020
Knoxville,47.93,63,1023
College Station,51.53,88,1006
Paducah,55.13,88,1013
Gunnison,-7.87,84,1021
Peoria,29.93,93,1009
Aledo,15.53,97,1014
Bullhead City,33.53,22,1024
San Benito,73.13,99,1015
Newport News,53.33,82,1032
New Castle,47.93,87,1022
Edinburg,67.73,73,1005
Wilmington,60.53,77,1031
Burke,42.53,93,1031
Augusta,31.73,80,1031
Twinsburg,47.93,93,1020
Peoria,29.93,93,1009
Centertown,22.73,86,1011
Concord,42.53,81,1026
Smiths Station,58.73,72,1024
Delray Beach,71.33,78,1025
Richmond,55.13,72,1031
Cicero,24.53,93,1013
St Helens,35.33,81,1018
Newark,42.53,76,1030
Hoover,58.73,64,1021
Los Angeles,46.13,71,1023
Alliance,47.93,93,1020
Waynesboro,46.13,87,1029
Tampa,71.33,83,1026
Washington,19.13,92,1006
Santa Cruz,76.73,88,1011
Simsbury,38.93,81,1029
New Orleans,71.33,94,1017
Tornado,53.33,55,1022
Turner,28.13,74,1027
Petoskey,22.73,74,1019
Montour Falls,31.73,100,1025
Nanticoke,31.73,87,1029
Beaver,49.73,87,1022
Falmouth,29.93,93,1026
King,33.53,81,1002
Highland Park,24.53,93,1014
Joliet,29.93,100,1012
Ely,31.73,75,1025
Cincinnati,51.53,100,1017
Virginia Beach,53.33,76,1032
Phoenix,38.93,34,1022
Solvay,38.93,86,1024
Cary,53.33,87,1030
Georgetown,94.73,66,1011
Hempstead,37.13,87,1031
Diamond Bar,44.33,57,1023
Missoula,8.33,92,1008
Stone Mountain,55.13,82,1025
Tacoma,29.93,87,1002
Richton,67.73,88,1016
Oakland Park,71.33,83,1025
Danville,46.13,81,1030
Normal,42.53,100,1009
Vista,44.33,70,1024
Starkville,56.93,100,1017
Sugar Grove,20.93,100,1012
Truckee,29.93,69,1021
Windsor,42.53,100,1016
San Diego,46.13,87,1024
Cutler Bay,74.93,88,1024
Kent,31.73,81,1029
Marietta,55.13,82,1025
Salt Lake City,15.53,58,1023
Washington,19.13,92,1006
Robinson,47.93,87,1009
East Hampton,56.93,82,1032
New York,40.73,71,1030
Glenville,42.53,76,1030
New York,40.73,71,1030
Waynesburg,47.93,67,1024
Salem,76.73,69,1017
Dorchester,64.13,93,1028
Charlotte,47.93,93,1030
Shoreham,37.13,76,1027
Hartford,37.13,81,1030
Shreveport,65.93,78,1006
Chelsea,37.13,76,1027
Owensboro,51.53,87,1014
Parma,26.33,92,1027
Delmar,31.73,70,1028
Atlanta,55.13,82,1025
Philadelphia,40.73,81,1030
Double Springs,58.73,72,1020
Steger,26.33,100,1012
Port Clinton,44.33,93,1017
Mound,-6.07,51,1026
Fremont,38.93,81,1026
Poughkeepsie,37.13,80,1029
Lansing,40.73,100,1015
Fairborn,46.13,87,1018
Amsterdam,29.93,81,1030
Cleveland,40.73,81,1019
Fort Myers,71.33,94,1024
Savannah,62.33,82,1027
Bloomfield Hills,44.33,100,1017
Franklin Square,42.53,93,1031
Hightstown,44.33,93,1030
Boca Raton,71.33,78,1025
Denver,4.73,78,1020
Fort Walton Beach,62.33,88,1021
Magnolia,69.53,88,1007
West Newbury,38.93,70,1029
South Kortright,37.13,79,1027
Crystal Lake,20.93,100,1012
Perrysburg,47.93,100,1016
Columbia,56.93,93,1029
Verbena,42.53,57,1027
Orlando,67.73,88,1026
Swayzee,47.93,93,1014
New Orleans,71.33,94,1017
Fitzwilliam,33.53,81,1020
Unionville,47.93,81,1029
Knoxville,47.93,63,1023
Mahtomedi,-6.07,51,1026
North Tazewell,46.13,76,1026
North Tazewell,46.13,76,1026
Sacramento,38.93,81,1025
Sacramento,38.93,81,1025
Oakdale,-6.07,51,1026
Lynwood,46.13,66,1023
Sparta,13.73,73,1021
Marshville,51.53,87,1030
Westminster,2.93,78,1020
Chandler,40.73,49,1022
Johnson City,47.93,63,1026
Rock Hill,51.53,100,1029
Charleston,60.53,73,1029
North Aurora,22.73,93,1012
Temple City,46.13,71,1023
Oakland,42.53,93,1016
Newport,37.13,93,1025
Carbondale,55.13,93,1008
Jackson,37.13,93,1017
Winnfield,69.53,78,1008
Arlington,33.53,93,1008
Sylvania,46.13,100,1016
San Bernardino,38.93,40,1024
River Rouge,42.53,100,1016
Wichita,4.73,73,1018
Valdosta,65.93,82,1026
Norwalk,46.13,66,1023
Whitman,15.53,80,1007
Huntington Park,46.13,71,1023
Lyons,24.53,93,1013
Detroit,42.53,100,1016
Nashville,49.73,72,1018
Ailey,64.13,82,1027
Washington,19.13,92,1006
Elizabeth,37.13,76,1030
Grove City,46.13,87,1020
Matthews,46.13,81,1029
South Bend,47.93,93,1013
Shamokin,33.53,98,1029
Blue Eye,35.33,100,1010
Akron,47.93,93,1020
Wallowa,19.13,86,1012
Tampa,71.33,83,1026
Zephyrhills,71.33,83,1026
Liberal,2.93,79,1021
Chicago,24.53,93,1013
Murtaugh,13.73,71,1016
Baltimore,44.33,93,1031
Lindsey,73.13,83,1026
Van Nuys,44.33,54,1024
Bremerton,31.73,93,1001
Carencro,69.53,83,1013
Hillsdale,38.93,81,1030
Portage,47.93,93,1020
Philadelphia,40.73,81,1030
Huntington Beach,47.93,81,1024
Beloit,17.33,86,1014
Sewell,47.93,36,1014
Des Moines,-2.47,72,1018
Teachey,60.53,82,1031
Fort Dick,37.13,87,1021
Jacksonville,62.33,88,1027
Grove Hill,69.53,95,1017
Elkland,33.53,100,1025
Lawndale,46.13,66,1024
San Diego,46.13,87,1024
Vanderbilt,24.53,95,1020
Hanover,29.93,93,1030
Mesa,40.73,29,1023
Bakersfield,31.73,70,1026
Orangevale,37.13,93,1023
Tonawanda,44.33,100,1022
Amarillo,2.93,79,1017
Green Bay,19.13,74,1019
Vernon,19.13,92,1004
Cutler Bay,74.93,88,1024
Bell Gardens,46.13,66,1023
Bonner Springs,13.73,86,1018
Klein,69.53,83,1006
Woodway,47.93,87,1009
Mundelein,24.53,96,1014
Ashmore,85.73,74,1008
Mcallen,64.13,69,1005
Seneca,46.13,93,1017
Green Bay,19.13,74,1019
Haysville,4.73,73,1018
Katy,71.33,94,1007
Oklahoma City,8.33,79,1012
Gibsonburg,49.73,100,1016
O'donnell,89.33,58,1011
Mohave Valley,38.93,23,1024
Greensboro,47.93,87,1030
Wesley Chapel,69.53,100,1026
Detroit,42.53,100,1016
High Point,46.13,100,1029
Allentown,38.93,87,1030
Metairie,73.13,94,1017
Jersey City,40.73,71,1030
Mentor,46.13,81,1019
Schertz,49.73,77,1010
Essex Fells,38.93,87,1030
Michigan City,44.33,93,1010
Amherst,44.33,100,1021
Baltimore,44.33,93,1031
Dodge City,-4.27,78,1021
Santee,44.33,66,1024
Los Angeles,46.13,71,1023
Merkel,26.33,70,1016
Marion,49.73,93,1014
Rocky Mount,55.13,87,1031
Fairfield,38.93,76,1030
Port Clinton,44.33,93,1017
Centennial,1.13,85,1018
Victoria,71.33,73,1016
Rochester,38.93,93,1024
Washington,19.13,92,1006
Diamond Bar,44.33,57,1023
Delphi,49.73,93,1012
Grand Rapids,37.13,93,1014
Portland,35.33,87,1007
Albemarle,51.53,87,1030
Smyrna,55.13,82,1024
Salt Lake City,15.53,58,1023
New York,40.73,71,1030
Houston,71.33,94,1007
Pleasant Hill,42.53,81,1026
Conroe,67.73,94,1006
Pharr,64.13,69,1005
Athens,35.33,69,1022
Edmond,11.93,92,1015
Lafayette,69.53,83,1013
Philadelphia,40.73,81,1030
Spokane,19.13,86,1006
Carmel,49.73,93,1012
Cutler Bay,74.93,88,1024
Kansas City,8.33,79,1018
Peoria,29.93,93,1009
Crookston,-27.67,75,1030
Lindenhurst,37.13,87,1031
Arlington,33.53,93,1008
St Petersburg,71.33,88,1025
Clarkston,55.13,82,1024
Waukegan,24.53,86,1013
Okemah,15.53,93,1011
Memphis,56.93,88,1012
Los Angeles,46.13,71,1023
Bronx,38.93,71,1030
Trenton,38.93,81,1030
Loomis,35.33,76,1025
Toledo,26.33,86,1031
Chicago,24.53,93,1013
Cheektowaga,44.33,100,1022
Cambridge,37.13,100,1020
Haymarket,64.13,60,1013
Westbrook,29.93,75,1027
Bostic,46.13,100,1029
Gastonia,46.13,76,1029
Dansville,42.53,100,1022
New Port Richey,73.13,83,1026
St Petersburg,71.33,88,1025
Englewood,4.73,78,1020
Bethlehem,83.93,94,1012
Millville,42.53,76,1031
Akron,47.93,93,1020
Boca Grande,73.13,71,1011
Indianola,-0.67,92,1016
Sacramento,38.93,81,1025
Old Lyme,38.93,93,1031
Houston,71.33,94,1007
Morris,42.53,76,1030
Ada,19.13,47,1014
Apache Junction,40.73,43,1023
Parlier,38.93,100,1027
Colma,40.73,76,1027
Roxbury,31.73,100,1026
Midland,31.73,65,1013
West Babylon,37.13,87,1031
Moreno Valley,42.53,100,1023
Blairstown,17.33,90,1016
Oakland,42.53,93,1016
Anaheim,46.13,66,1023
Phoenixville,38.93,93,1030
Peckville,33.53,87,1029
Morristown,53.33,67,1024
Largo,71.33,77,1025
Elkhart,51.53,100,1013
Dallas,35.33,87,1007
Laurinburg,55.13,87,1030
Tallahassee,65.93,77,1024
Lawrenceville,55.13,93,1026
Maple Park,17.33,95,1012
Pearl River,40.73,76,1030
Menands,29.93,70,1028
Hayward,40.73,81,1026
Meridian,22.73,69,1015
Rossville,42.53,93,1031
Wells,38.93,81,1026
New Tripoli,37.13,87,1030
Richmond,55.13,72,1031
Prattville,65.93,77,1021
Largo,71.33,77,1025
Dublin,38.93,81,1027
Halifax,28.13,100,1026
Centerville,46.13,93,1018
Tallahassee,65.93,77,1024
Oxon Hill,44.33,81,1030
Fontana,42.53,71,1023
Pittsburgh,47.93,71,1023
Scottsdale,40.73,37,1023
Houston,71.33,94,1007
Belleville,31.73,86,1023
North Lauderdale,69.53,83,1025
Boones Mill,46.13,93,1031
Harmony,-2.47,66,1020
Tiger,51.53,87,1027
Mukwonago,20.93,93,1014
Newark,42.53,76,1030
Brooklyn,40.73,71,1030
Manchester,38.93,81,1019
Surprise,38.93,39,1022
Sunnyvale,38.93,81,1026
Irvington,37.13,76,1030
Garland,42.53,100,1006
North Dartmouth,40.73,81,1030
Palmer,37.13,75,1029
Lake View,60.53,77,1020
Faribault,-4.27,78,1024
Mcalisterville,31.73,100,1027
Saginaw,35.33,93,1016
Oneonta,33.53,82,1020
Indianapolis,49.73,93,1014
Brooklyn,40.73,71,1030
Austin,47.93,77,1007
Bennett,2.93,85,1018
West Palm Beach,71.33,83,1026
Salemburg,56.93,100,1030
Lanham,44.33,81,1030
Oakdale,-6.07,51,1026
Napa,42.53,87,1026
Vernal,-0.67,71,1023
Wyoming,1.13,78,1025
Huntingdon Valley,40.73,87,1030
Irvington,37.13,76,1030
Indianapolis,49.73,93,1014
Bellefontaine,44.33,93,1019
Austin,47.93,77,1007
Crockett,67.73,83,1005
Somerset,42.53,87,1030
Miami,69.53,83,1025
Mansfield,28.13,81,1021
Portland,35.33,87,1007
Fargo,-20.47,83,1030
Kalispell,15.53,85,1007
Glendale,38.93,39,1022
Langhorne,40.73,87,1030
Minneapolis,-6.07,51,1026
Newbury Park,35.33,76,1027
Redlands,38.93,40,1024
Hopatcong,40.73,76,1030
Beaufort,92.93,74,1009
New Bedford,40.73,81,1030
Albuquerque,13.73,42,1021
Dallas,35.33,87,1007
Lewistown,20.93,93,1011
Houston,71.33,94,1007
St Petersburg,71.33,88,1025
Painesville,46.13,81,1019
Ruston,67.73,78,1008
Newberry,19.13,92,1021
Benkelman,-2.47,92,1024
Renton,33.53,81,1002
Delhi,53.33,93,1020
Sioux Center,-15.07,77,1024
La Grange Park,22.73,93,1011
Bethlehem,83.93,94,1012
Conover,44.33,81,1029
Rapid City,-2.47,84,1018
Pleasantville,42.53,76,1031
Downey,46.13,66,1023
Aurora,4.73,78,1020
Arlington Heights,22.73,93,1011
Los Angeles,46.13,71,1023
Mobile,62.33,94,1020
Forest Hill,35.33,93,1012
Wheeling,24.53,93,1014
Odessa,22.73,75,1020
Brookfield,20.93,96,1015
Port Charlotte,69.53,88,1025
Lake In The Hills,22.73,93,1011
Basking Ridge,40.73,37,1023
Scranton,33.53,87,1029
Monroe,38.93,93,1024
Sewell,47.93,36,1014
Plano,35.33,87,1007
Rison,62.33,88,1007
Bronx,38.93,71,1030
Manton,22.73,96,1017
Paulding,44.33,87,1016
Manassas,47.93,93,1031
Cleveland,40.73,81,1019
Atlanta,55.13,82,1025
Bend,24.53,74,1009
Bakersfield,31.73,70,1026
West Green,37.13,76,1027
Chicago,24.53,93,1013
Bronx,38.93,71,1030
Lumberton,58.73,82,1030
Elyria,42.53,76,1019
Eldorado,82.13,86,1009
Irving,33.53,87,1007
Temple City,46.13,71,1023
Oklahoma City,8.33,79,1012
Norwalk,46.13,66,1023
Lewes,38.93,87,1028
Niagara Falls,42.53,100,1021
Avon,42.53,76,1019
Glasgow,31.73,87,1004
Waretown,46.13,100,1031
Charlotte,47.93,93,1030
Dearborn,42.53,87,1016
Elizabethtown,35.33,86,1029
Fort Worth,37.13,81,1010
Ridley Park,38.93,87,1030
Austin,47.93,77,1007
Kirkland,31.73,93,1001
Brooklyn Park,-6.07,51,1026
Elmhurst,22.73,93,1012
Atlanta,55.13,82,1025
Yadkinville,44.33,100,1031
Byron,-4.27,72,1022
San Luis Obispo,38.93,76,1025
Lake Charles,71.33,88,1011
Cocoa,73.13,94,1026
Pleasant Valley,47.93,62,1024
Section,58.73,82,1021
East Providence,40.73,81,1029
Shiprock,6.53,57,1021
Globe,83.93,76,1012
Havelock,56.93,63,1033
Humboldt,-24.07,91,1024
Las Vegas,33.53,43,1025
Jarratt,55.13,76,1031
Los Angeles,46.13,71,1023
West Covina,44.33,57,1023
Orange,46.13,81,1024
Apple Valley,37.13,63,1026
New Egypt,44.33,87,1030
Bristol,40.73,81,1030
Mishawaka,47.93,93,1012
Holt,42.53,93,1014
Paxton,44.33,93,1008
Haddon Heights,40.73,87,1030
Wilmore,53.33,63,1019
Wichita Falls,22.73,76,1015
Palm Beach Gardens,71.33,83,1026
Somerville,38.93,81,1029
Warren,49.73,100,1018
Dingmans Ferry,38.93,93,1029
Greenfield,20.93,97,1016
Merritt Island,71.33,94,1027
Calhoun,44.33,100,1014
Bronx,38.93,71,1030
Houston,71.33,94,1007
Rumford,26.33,86,1026
Granbury,31.73,87,1013
Quincy,40.73,81,1029
Chicago,24.53,93,1013
Buffalo,44.33,100,1021
Miami,69.53,83,1025
Golden,2.93,78,1020
Monticello,-4.27,60,1027
Stockport,38.93,81,1019
Elysian Fields,62.33,78,1007
Rome,55.13,77,1024
Calhoun,44.33,100,1014
Hammond,29.93,100,1011
Ligonier,47.93,100,1013
Milwaukee,20.93,96,1014
Watertown,38.93,81,1029
Mason,51.53,100,1017
Carrboro,51.53,82,1030
Dallas,35.33,87,1007
Rancho Santa Margarita,46.13,70,1024
South Portland,29.93,75,1027
Blue Island,28.13,100,1011
Easton,38.93,80,1029
Gladstone,85.73,58,1009
Largo,71.33,77,1025
Larned,-2.47,78,1022
Pipestone,-15.07,77,1025
Saint Paul,-4.27,55,1026
Gainesville,65.93,93,1026
Buffalo,44.33,100,1021
Casselton,-22.27,83,1030
Corona,46.13,81,1024
Ryegate,10.13,78,1008
Somerville,38.93,81,1029
St Petersburg,71.33,88,1025
Irving,33.53,87,1007
Orange,46.13,81,1024
North Wales,38.93,87,1030
Baton Rouge,71.33,88,1014
Mooreland,6.53,79,1019
Bowdon,38.93,81,1019
Jacksonville,62.33,88,1027
Easton,38.93,80,1029
Suffolk,38.93,93,1031
Flushing,28.13,81,1030
Bethel Park,47.93,71,1023
Oberlin,44.33,76,1019
Birmingham,58.73,64,1021
Norman,11.93,78,1013
Killeen,47.93,87,1008
Fayetteville,51.53,100,1030
Milwaukie,37.13,87,1009
Bell Gardens,46.13,66,1023
Jacksonville,62.33,88,1027
Downey,46.13,66,1023
Oakland,42.53,93,1016
Fairview,40.73,71,1030
Perth Amboy,40.73,76,1030
Greenwood Village,2.93,85,1018
Orion,85.73,55,1011
Dublin,38.93,81,1027
Henderson,31.73,41,1025
Riverdale,53.33,82,1025
Chaffee,53.33,93,1009
Ferndale,42.53,100,1017
Forest Hills,38.93,93,1014
Los Angeles,46.13,71,1023
Newfoundland,73.13,38,1010
Evergreen Park,28.13,100,1011
Woodside,38.93,81,1027
Charles Town,49.73,87,1027
Woodhaven,42.53,87,1016
Springfield,29.93,100,1012
Creston,-0.67,100,1018
Inglewood,46.13,66,1023
West,47.93,100,1010
Miami,69.53,83,1025
Dunkirk,33.53,86,1030
Wayne,42.53,100,1016
Hampton,53.33,87,1032
Norfolk,40.73,81,1029
Benton,28.13,86,1011
Columbia,56.93,93,1029
San Mateo,91.13,58,1010
Monroe,38.93,93,1024
Atlantic City,42.53,76,1031
Las Vegas,33.53,43,1025
Alexandria,15.53,81,1036
State College,28.13,99,1027
Hackensack,38.93,81,1030
Oswego,35.33,93,1025
Newburgh,38.93,80,1029
Raisin City,37.13,87,1027
Corning,33.53,100,1025
Fife Lake,-15.07,77,1024
Platteville,13.73,100,1016
Starbuck,-18.67,76,1028
Evans,56.93,87,1027
Clarksdale,58.73,100,1011
Sullivan,53.33,62,1026
Louisville,55.13,87,1016
Palatka,65.93,93,1027
Brooklyn,40.73,71,1030
Ringgold,55.13,77,1022
Chesapeake,53.33,82,1032
Barco,26.33,45,1029
Temple,49.73,87,1007
Laguna Beach,46.13,81,1024
Kirkwood,55.13,93,1008
Antioch,35.33,100,1022
Sacramento,38.93,81,1025
Wakefield,31.73,81,1016
Greenwich,42.53,76,1030
Yuma,44.33,25,1023
Cissna Park,46.13,93,1008
Chicago,24.53,93,1013
Zebulon,55.13,93,1030
Clyde,62.33,37,1001
Miami,69.53,83,1025
Lewiston,28.13,74,1027
Beaver Dam,20.93,100,1017
Seattle,31.73,93,1001
Delton,42.53,100,1014
Cando,-25.87,91,1027
Syracuse,38.93,86,1024
Tripoli,46.13,65,1021
La Habra,47.93,81,1024
Weslaco,65.93,78,1005
Brockport,42.53,100,1022
Des Moines,-2.47,72,1018
Ontario,42.53,66,1023
Alsip,24.53,93,1013
Allentown,38.93,87,1030
Stafford,33.53,81,1020
Arlington,33.53,93,1008
Robinson,47.93,87,1009
Kansas City,8.33,79,1018
Los Lunas,17.33,53,1022
Fontana,42.53,71,1023
Pensacola,65.93,100,1021
Pace,62.33,94,1020
Pinckneyville,55.13,93,1008
Livermore,38.93,81,1027
Tumwater,35.33,93,1001
Abbeville,29.93,86,1032
Tucson,33.53,69,1022
Clarksville,53.33,100,1015
Lubbock,11.93,69,1014
Phoenix,38.93,34,1022
Canton,67.73,60,1016
Fort Pierce,69.53,83,1026
Leesville,69.53,100,1011
Girard,47.93,93,1020
Thatcher,24.53,33,1022
Saginaw,35.33,93,1016
Sylacauga,64.13,77,1021
Antioch,35.33,100,1022
Brooklyn,40.73,71,1030
Romney,47.93,76,1027
Little Rock,65.93,93,1006
Liberty,65.93,100,1027
Miami Gardens,71.33,83,1025
Metter,64.13,88,1027
Rochester Hills,42.53,100,1017
Wood River,55.13,100,1007
Houston,71.33,94,1007
Jackson,37.13,93,1017
Atlanta,55.13,82,1025
Fort Myers Beach,71.33,94,1024
Las Vegas,33.53,43,1025
Kilgore,71.33,94,1005
Los Angeles,46.13,71,1023
College Station,51.53,88,1006
Mission Viejo,47.93,81,1024
Little Mountain,13.73,62,1022
Creve Coeur,51.53,93,1007
North Fond Du Lac,17.33,80,1018
Honey Brook,37.13,87,1030
Algonac,33.53,100,1017
Dearborn,42.53,87,1016
Dandridge,47.93,63,1023
Carterville,55.13,87,1011
Sauk Rapids,-15.07,70,1027
Perry,51.53,67,1025
Richmond Hill,35.33,100,1021
Hendersonville,51.53,72,1018
Brady,44.33,26,1010
Mount Dora,67.73,83,1026
Sterling Heights,42.53,100,1017
Rancho Cordova,38.93,81,1025
Tulsa,24.53,82,1013
Syracuse,38.93,86,1024
Yonkers,40.73,81,1030
Jackson,37.13,93,1017
El Paso,31.73,34,1021
Buckley,35.33,81,1018
Dearborn,42.53,87,1016
Macomb,15.53,93,1011
Randle,44.33,81,1020
Garrettsville,47.93,93,1020
Milwaukee,20.93,96,1014
El Paso,31.73,34,1021
Dallas,35.33,87,1007
Cornelius,47.93,81,1029
Binghamton,33.53,87,1026
Dorchester,64.13,93,1028
Unionville,47.93,81,1029
Indianapolis,49.73,93,1014
Cherry Hill,40.73,81,1030
Centre Hall,28.13,98,1027
Mcminnville,33.53,87,1008
Decatur,44.33,87,1008
Coal Grove,55.13,71,1020
Moreno Valley,42.53,100,1023
Winter Haven,69.53,88,1026
Aurora,4.73,78,1020
Chicago,24.53,93,1013
Lafayette,69.53,83,1013
Fairview,40.73,71,1030
Binghamton,33.53,87,1026
Grand Rapids,37.13,93,1014
Houston,71.33,94,1007
Hollister,40.73,87,1026
Raleigh,55.13,93,1030
National City,46.13,87,1025
Keene,33.53,93,1028
Southgate,42.53,100,1017
Council Bluffs,-6.07,85,1020
Petaluma,42.53,93,1026
Minotola,42.53,76,1031
Beaumont,67.73,88,1010
Boston,38.93,81,1029
Nesconset,40.73,93,1031
Kerrville,49.73,41,1010
Meadow Vista,37.13,81,1025
Loreauville,74.93,94,1013
Phoenix,38.93,34,1022
Graham,31.73,100,1002
New Paris,49.73,100,1017
Shreveport,65.93,78,1006
Pittsburgh,47.93,71,1023
East Earl,37.13,87,1030
Stanton,47.93,81,1024
Jena,29.93,92,1030
Avenel,40.73,81,1030
Los Gatos,38.93,81,1027
Holly Springs,55.13,93,1030
Omaha,-9.67,72,1022
Leadville,-15.07,56,1017
Hastings,67.73,77,1016
Fairfax,44.33,76,1030
Rail Road Flat,35.33,100,1025
Mayfield,55.13,88,1013
Vienna,29.93,86,1027
Trinidad,80.33,86,1008
Bynum,60.53,77,1021
Alexandria,15.53,81,1036
Deshler,47.93,100,1015
Wilton Manors,71.33,83,1025
Monmouth,42.53,81,1031
Aston,35.33,81,1022
Mahtomedi,-6.07,51,1026
Los Altos,38.93,81,1027
Philadelphia,40.73,81,1030
White Plains,42.53,76,1030
Vardaman,58.73,93,1013
Tomball,67.73,94,1006
Elmwood,62.33,88,1015
Westland,31.73,75,1030
Kannapolis,47.93,93,1030
Royalton,-13.27,64,1028
Des Lacs,-15.07,77,1020
Huntington Beach,47.93,81,1024
Memphis,56.93,88,1012
Piggott,55.13,93,1008
Hartford,37.13,81,1030
Oakland,42.53,93,1016
Hickory,44.33,81,1029
Unionville,47.93,81,1029
Old Hickory,58.73,100,1007
Addison,22.73,93,1011
Florence,38.93,93,1026
Las Vegas,33.53,43,1025
Phoenix,38.93,34,1022
Ansonia,40.73,87,1030
Hopkins Park,40.73,93,1009
Atlanta,55.13,82,1025
Vista,44.33,70,1024
Baltimore,44.33,93,1031
Chino,44.33,66,1023
White Plains,42.53,76,1030
Tuscola,46.13,93,1008
Colorado Springs,2.93,85,1015
Atlanta,55.13,82,1025
Huntington Beach,47.93,81,1024
Manassas,47.93,93,1031
Plymouth,40.73,81,1029
Apopka,65.93,88,1026
Casa Grande,40.73,44,1025
Scotia,29.93,70,1028
Fresno,35.33,75,1027
Los Angeles,46.13,71,1023
Fort Worth,37.13,81,1010
Royston,33.53,81,1026
Peabody,40.73,81,1029
El Cajon,44.33,66,1024
Okeechobee,74.93,83,1026
Cottage Grove,-6.07,51,1026
Asheville,44.33,93,1027
Baltimore,44.33,93,1031
Spring Hill,71.33,100,1026
Jefferson City,22.73,86,1011
Fort Worth,37.13,81,1010
Wichita Falls,22.73,76,1015
Litchfield,38.93,87,1030
Port Norris,46.13,76,1031
Medina,38.93,65,1021
Sharpsburg,47.93,71,1023
Omaha,-9.67,72,1022
Springfield,29.93,100,1012
Sag Harbor,40.73,93,1031
Lindsay,35.33,87,1027
Marion,49.73,93,1014
Parksley,49.73,93,1032
Quincy,40.73,81,1029
Newington,37.13,81,1030
Savannah,62.33,82,1027
Glendale,38.93,39,1022
Ellenwood,47.93,93,1031
Savannah,62.33,82,1027
Whitney,33.53,28,1025
Springville,15.53,67,1024
Rocklin,35.33,76,1025
Portland,35.33,87,1007
Colorado Springs,2.93,85,1015
Jonesburg,42.53,93,1007
Vancouver,26.33,93,999
Silver Spring,44.33,81,1030
Kennewick,26.33,75,1006
Brooklyn,40.73,71,1030
Corpus Christi,69.53,100,1009
Roanoke,42.53,81,1030
Huntsville,58.73,77,1019
Cumberland,40.73,81,1029
Kennewick,26.33,75,1006
Houston,71.33,94,1007
Lake In The Hills,22.73,93,1011
Philadelphia,40.73,81,1030
Kansas City,8.33,79,1018
Totowa,40.73,81,1030
Wheeling,24.53,93,1014
El Paso,31.73,34,1021
Templeton,38.93,76,1025
Wheatley,35.33,81,1026
Noel,29.93,100,1013
Plankinton,-11.47,84,1027
Shabbona,15.53,96,1012
Mesa,40.73,29,1023
Franklin,46.13,82,1019
White River Junction,28.13,68,1027
Robinson,47.93,87,1009
Edison,40.73,81,1030
Sheridan,-4.27,77,1012
Garland,42.53,100,1006
Raleigh,55.13,93,1030
Cary,53.33,87,1030
Miami,69.53,83,1025
Fountain Hills,40.73,43,1023
Taunton,38.93,81,1026
Westbrook,29.93,75,1027
Stickney,22.73,93,1011
Westfield,37.13,75,1029
Ridgewood,40.73,81,1030
Lafayette,69.53,83,1013
Greer,47.93,100,1028
Bethel,38.93,76,1030
Vance,49.73,87,1030
Middletown,51.53,100,1017
Macon,44.33,87,1008
Vernon,19.13,92,1004
San Antonio,55.13,82,1012
Raymond,29.93,74,1027
Key Biscayne,71.33,83,1025
Churubusco,46.13,100,1014
Wilton,40.73,100,1025
Omaha,-9.67,72,1022
Bensenville,22.73,93,1011
Deckerville,35.33,100,1017
Harpers Ferry,44.33,87,1029
Van Buren,40.73,93,1009
Lebanon,38.93,100,1029
Irvine,46.13,81,1024
Stanaford,44.33,76,1026
Overland Park,10.13,100,1017
Sandown,38.93,81,1026
Unadilla,62.33,82,1025
Upper Marlboro,42.53,87,1030
Ben Lomond,38.93,81,1027
Novato,40.73,76,1027
Westminster,2.93,78,1020
Mcminnville,33.53,87,1008
Jupiter,69.53,83,1026
Irving,33.53,87,1007
Cicero,24.53,93,1013
Chicago,24.53,93,1013
Kansas City,8.33,79,1018
Wichita,4.73,73,1018
Bismarck,-15.07,76,1026
Northfield,-2.47,61,1024
Mulberry,69.53,77,1026
Muskegon,37.13,87,1014
Mesa,40.73,29,1023
El Paso,31.73,34,1021
Sarasota,71.33,94,1024
Belmont,38.93,81,1027
Miles,38.93,76,1025
Dade City,71.33,100,1026
Bagdad,38.93,93,1014
Mukilteo,24.53,87,1001
Luverne,-13.27,64,1026
Detroit,42.53,100,1016
Orange,46.13,81,1024
Cumberland,40.73,81,1029
Howell,40.73,93,1015
Stanton,47.93,81,1024
Gonzales,42.53,81,1027
Los Angeles,46.13,71,1023
Olney,44.33,87,1030
Duluth,-15.07,59,1029
Meridian,22.73,69,1015
Denver,4.73,78,1020
Silver Bay,-7.87,53,1026
Placerville,37.13,100,1025
Arlington,33.53,93,1008
Danbury,37.13,76,1030
Fredericksburg,47.93,100,1030
Piketon,55.13,100,1019
Michigan City,44.33,93,1010
South Saint Paul,-6.07,51,1026
Saint Louis Park,-4.27,60,1026
Rochester,38.93,93,1024
Waldorf,46.13,93,1031
Plainview,11.93,72,1016
Timonium,42.53,87,1030
Mahtomedi,-6.07,51,1026
Lucasville,51.53,71,1020
Crossville,53.33,72,1022
Wabash,47.93,93,1014
Apache Junction,40.73,43,1023
Simpsonville,46.13,87,1029
Reynoldsburg,46.13,93,1019
Sacramento,38.93,81,1025
Long Beach,47.93,81,1024
Lancaster,38.93,81,1029
Yuma,44.33,25,1023
Villas,69.53,83,1024
San Diego,46.13,87,1024
Washington,19.13,92,1006
Nashville,49.73,72,1018
Conroe,67.73,94,1006
Greeneville,49.73,63,1026
Los Angeles,46.13,71,1023
Midlothian,37.13,100,1009
Orlando,67.73,88,1026
Lesage,53.33,71,1020
Amarillo,2.93,79,1017
Milan,26.33,100,1027
Fort Myers,71.33,94,1024
Varysburg,44.33,100,1022
Newburgh,38.93,80,1029
West Allis,20.93,96,1016
Jenks,20.93,82,1012
Chalfont,40.73,87,1030
Pawtucket,40.73,81,1029
Huntington Park,46.13,71,1023
New Braunfels,51.53,87,1010
Oak Hill,46.13,71,1026
Norfolk,40.73,81,1029
Avondale,11.93,92,1024
Calhoun,44.33,100,1014
Schenectady,33.53,99,1027
San Jose,38.93,81,1027
Lafayette,69.53,83,1013
Colorado Springs,2.93,85,1015
Lutherville,42.53,87,1030
Fredericksburg,47.93,100,1030
Manchester,38.93,81,1019
Nokomis,67.73,88,1024
Yellow Springs,46.13,100,1018
Maupin,22.73,90,1008
Baton Rouge,71.33,88,1014
New Orleans,71.33,94,1017
Urbandale,-0.67,66,1020
Great Neck,38.93,81,1030
Los Angeles,46.13,71,1023
Columbus,46.13,82,1019
Rockledge,65.93,100,1026
Monette,55.13,93,1008
Wilmington,60.53,77,1031
Downey,46.13,66,1023
Chicago,24.53,93,1013
Thornville,47.93,82,1021
Nashville,49.73,72,1018
Newport News,56.93,82,1032
Marinette,19.13,80,1019
Sterling,44.33,87,1029
West Memphis,56.93,93,1010
Arlington,33.53,93,1008
Austin,47.93,77,1007
Oregon City,33.53,87,1008
Las Animas,40.73,100,1017
Albany,31.73,70,1028
New Orleans,71.33,94,1017
Miramar,71.33,83,1025
San Diego,46.13,87,1024
Los Angeles,46.13,71,1023
Dalhart,2.93,79,1019
Mount Carmel,46.13,82,1011
Carmichael,35.33,66,1026
Bartlesville,19.13,82,1012
Las Vegas,33.53,43,1025
Rochester,38.93,93,1024
Palatka,65.93,93,1027
Pena Blanca,82.13,88,1014
Omak,20.93,92,1006
Meriden,38.93,87,1030
Midland,31.73,65,1013
Lagrange,56.93,72,1023
Milwaukie,37.13,87,1009
Boonton,38.93,81,1030
Fremont,38.93,81,1026
Miami,71.33,83,1025
Vernon,19.13,92,1004
Fall River,38.93,81,1030
Emmitsburg,42.53,93,1029
Austin,47.93,77,1007
Payson,15.53,67,1024
Mountain Home,20.93,74,1016
Martinsville,44.33,81,1030
Crofton,42.53,87,1030
Fort Walton Beach,62.33,88,1021
Waleska,49.73,87,1026
West Chicago,22.73,93,1012
Morton Grove,22.73,93,1011
Rochester,38.93,93,1024
Lake Worth,71.33,83,1026
Cullman,58.73,72,1020
Hulbert,28.13,100,1012
Munich,31.73,80,1031
Portland,35.33,87,1007
Fontana,42.53,71,1023
Wales,33.53,81,1020
Cave Creek,40.73,52,1022
Prestonsburg,53.33,55,1022
Medford,33.53,81,1018
Fresno,35.33,75,1027
Saint Thomas,73.13,74,1016
Bloomington,44.33,100,1009
Sumner,51.53,72,1018
Goldthwaite,47.93,100,1012
Magnolia,69.53,88,1007
Dellroy,46.13,76,1021
South Milwaukee,20.93,96,1015
Metter,64.13,88,1027
Manchester,38.93,81,1019
Barnegat,46.13,100,1031
Indianapolis,47.93,87,1013
Lancaster,38.93,81,1029
Corbin,55.13,55,1020
Elk Grove,37.13,66,1026
Ann Arbor,40.73,87,1016
Sacramento,40.73,100,1025
Louisville,55.13,87,1016
Dallas,35.33,87,1007
Lima,69.53,88,1010
Chico,40.73,66,1024
Middle Village,20.93,93,1019
China,53.33,24,1014
Carmi,55.13,93,1010
Statesville,44.33,81,1029
Sidney,64.13,60,1013
West Hills,44.33,54,1024
Oakland,42.53,93,1016
Tucson,33.53,69,1022
Madison,58.73,77,1019
Pasadena,73.13,94,1007
Yakima,24.53,86,1005
Chattanooga,55.13,77,1022
Beavercreek,46.13,87,1019
Randolph,49.73,87,1030
Aurora,4.73,78,1020
Hope,62.33,78,1006
Stoneville,65.93,26,1019
Buhl,35.33,93,1033
Henderson,31.73,41,1025
West Henrietta,38.93,93,1023
Tool,47.93,93,1007
Zellwood,67.73,83,1026
Federal Way,29.93,81,1002
Serena,26.33,92,1027
Baxter Springs,20.93,93,1010
Bronx,38.93,71,1030
Everson,28.13,81,1000
Southport,37.13,81,1018
Palm Beach Gardens,71.33,83,1026
La Farge,10.13,79,1018
Hardin,53.33,87,1017
Clinton,42.53,93,1017
Chillicothe,53.33,100,1019
Winston-salem,42.53,81,1030
Lexington,55.13,67,1019
New York,37.13,81,1030
Cornelia,51.53,100,1027
Denmark,58.73,100,1028
Marion,49.73,93,1014
Iselin,40.73,81,1030
East Setauket,38.93,93,1031
Logan,8.33,46,1022
Phoenix,38.93,34,1022
Goodyear,40.73,44,1025
Escondido,44.33,81,1023
Aurora,4.73,78,1020
Greenwich,42.53,76,1030
Union City,38.93,81,1027
Martinez,40.73,81,1027
Defiance,44.33,87,1015
Boston,38.93,81,1029
Lamberton,38.93,81,1010
Metter,64.13,88,1027
Faulkton,-20.47,83,1028
Red Rock,74.93,54,1008
Connell,29.93,75,1006
Oswego,35.33,93,1025
Gray Court,49.73,100,1028
Los Angeles,46.13,71,1023
Winchester,37.13,81,1026
Pine Bluff,58.73,88,1007
Gardner,37.13,75,1029
San Antonio,55.13,82,1012
Bonners Ferry,19.13,92,1007
Vineland,42.53,76,1031
Shreveport,65.93,78,1006
Long Grove,24.53,93,1014
Pittsburgh,47.93,71,1023
Staten Island,37.13,76,1030
Las Cruces,22.73,32,1021
Nelson,8.33,97,1011
Davenport,15.53,100,1012
Naperville,22.73,93,1012
Wichita,4.73,73,1018
Ailey,64.13,82,1027
Woodland Hills,13.73,71,1022
Belle Chasse,71.33,94,1016
Creedmoor,49.73,87,1030
Somerset,42.53,87,1030
Oakland,42.53,93,1016
Charlotte,47.93,93,1030
Marmaduke,55.13,93,1008
Bellingham,31.73,93,998
Plainsboro,42.53,81,1030
Miami,71.33,83,1025
Lafayette,69.53,83,1013
Pomerene,26.33,59,1023
Abbeville,31.73,81,1030
Wyalusing,13.73,85,1019
Phoenix,38.93,34,1022
Bowie,53.33,78,1006
Sebring,69.53,83,1026
Antelope,33.53,71,1026
Carpentersville,22.73,93,1011
Scottsdale,40.73,37,1023
Baltimore,42.53,87,1030
Enterprise,35.33,44,1025
Saltsburg,44.33,62,1023
Maple Valley,29.93,81,1002
Defuniak Springs,65.93,82,1022
Denham Springs,69.53,94,1015
Sidney,64.13,60,1013
Rochester,38.93,93,1024
Citrus Heights,33.53,66,1026
Friendswood,69.53,88,1007
Blanco,46.13,66,1012
Monroe,38.93,93,1024
Winchester,37.13,81,1026
Harlem,60.53,100,1027
Hudson,40.73,71,1030
Glen Cove,38.93,81,1030
Long Beach,46.13,66,1023
Summit,40.73,81,1030
Coppell,35.33,87,1008
El Centro,44.33,37,1023
Jacksonville,67.73,93,1027
Oxford,35.33,81,1026
Bay City,35.33,93,1016
Atlanta,55.13,82,1025
Cumming,55.13,100,1026
Mattoon,46.13,67,1009
Avondale,11.93,92,1024
Orcutt,42.53,100,1025
Colfax,17.33,80,1007
Willow Grove,40.73,81,1030
Springfield,29.93,100,1012
Freedom,40.73,81,1027
Dixon,37.13,81,1024
Lancaster,38.93,81,1029
Salina,-0.67,73,1022
Rio Rancho,19.13,73,1020
Los Angeles,46.13,71,1023
Holland,38.93,100,1013
Miami,71.33,83,1025
New Smyrna Beach,67.73,94,1027
Atlanta,55.13,82,1025
Findlay,46.13,87,1017
Waynesboro,46.13,87,1029
Albuquerque,13.73,42,1021
Tuscaloosa,64.13,88,1019
Columbia,55.13,100,1028
Atlanta,55.13,82,1025
Elkins Park,53.33,100,1008
Willard,44.33,87,1019
Lincoln Park,42.53,100,1017
Union City,38.93,81,1027
Springfield,29.93,100,1012
New Britain,37.13,81,1030
Janesville,22.73,100,1014
Vernon,19.13,92,1004
Laurel,44.33,87,1030
Converse,46.13,66,1012
Madison Heights,42.53,100,1017
Aurora,4.73,78,1020
Spring Lake,51.53,100,1030
Holtville,44.33,37,1023
Gold River,40.73,100,1025
South Boston,40.73,81,1029
Nashville,49.73,72,1018
Murrieta,44.33,70,1024
Mason City,-2.47,92,1021
Avon,42.53,76,1019
Cleveland,44.33,76,1018
West Columbia,56.93,100,1028
Lebanon,38.93,100,1029
Rochester Hills,42.53,100,1017
Northport,62.33,88,1019
Chelmsford,33.53,87,1027
San Diego,46.13,87,1024
Melvindale,42.53,100,1017
El Dorado Hills,33.53,66,1026
Lowell,38.93,70,1029
Coushatta,64.13,83,1007
Spokane Valley,22.73,86,1006
Chula Vista,44.33,87,1025
Knoxville,47.93,63,1023
Baltimore,42.53,87,1030
Brooklyn,37.13,81,1030
Aubrey,38.93,93,1010
Crosby,38.93,81,1018
North Berwick,29.93,87,1003
Greensboro,47.93,87,1030
Coral Springs,71.33,78,1025
Los Angeles,46.13,71,1023
Long Lake,24.53,86,1013
Panama,82.13,83,1009
Dunlap,47.93,100,1012
Charleroi,29.93,75,1032
Austin,47.93,77,1007
Houma,74.93,94,1016
San Jose,38.93,81,1027
New Orleans,71.33,94,1017
Charlotte,47.93,93,1030
Fresno,37.13,75,1027
Columbia,55.13,100,1028
Philadelphia,40.73,87,1030
Grand Rapids,40.73,93,1014
Green Cove Springs,67.73,93,1027
Easton,38.93,87,1030
Coos Bay,33.53,87,1016
College Station,51.53,88,1006
Lufkin,67.73,94,1006
Durham,55.13,93,1031
Oakbrook Terrace,22.73,93,1011
Summerfield,42.53,81,1030
Corona,46.13,81,1024
Miami,71.33,83,1025
Griswold,-4.27,85,1021
Orofino,8.33,86,1007
Morrisville,53.33,87,1030
Memphis,56.93,88,1012
Mineola,37.13,87,1031
Xenia,46.13,87,1019
Pagosa Springs,-2.47,65,1019
Brooklyn,37.13,81,1030
Lynn,38.93,71,1029
Bloomington,44.33,100,1009
Clay City,53.33,72,1020
Marlton,42.53,81,1030
New York,37.13,81,1030
Libertyville,24.53,86,1013
Chicago,24.53,93,1013
Augusta,31.73,80,1031
Elizabeth,37.13,76,1030
Newport News,56.93,82,1032
Joliet,29.93,100,1012
Fort Walton Beach,62.33,88,1021
Memphis,56.93,88,1012
Belleview,62.33,82,1026
Olla,73.13,83,1011
East Islip,38.93,93,1031
Milford,37.13,93,1030
Los Angeles,46.13,71,1023
Red Boiling Springs,58.73,72,1017
San Diego,46.13,87,1024
Harvey,2.93,85,1018
Schertz,49.73,77,1010
Little Egg Harbor,40.73,76,1031
Alexandria,17.33,80,1036
Tallahassee,67.73,82,1024
Brooklyn,37.13,81,1030
Knoxville,47.93,63,1023
Laredo,58.73,18,1011
Pacific Palisades,46.13,76,1024
Los Angeles,46.13,71,1023
Hamilton,53.33,87,1017
Geneva,22.73,93,1010
Valley Springs,37.13,100,1025
Raytown,6.53,86,1017
Lordsburg,15.53,49,1022
Granger,46.13,93,1011
Greencastle,44.33,82,1012
Kalamazoo,44.33,100,1013
Mesa,40.73,29,1025
Frankfort,58.73,69,1021
San Francisco,40.73,81,1027
Lindenwold,40.73,81,1030
Mission Viejo,47.93,81,1024
Madera,33.53,81,1027
Hartford,37.13,81,1030
New Canaan,40.73,76,1030
Omaha,-4.27,78,1024
Albia,28.13,86,1034
Albany,31.73,70,1028
Lubbock,11.93,69,1014
Childress,15.53,64,1017
Riverside,38.93,65,1024
Hilliard,46.13,93,1019
Jericho,42.53,93,1022
Rentz,62.33,82,1027
Rensselaer,31.73,93,1027
Los Angeles,46.13,71,1023
Springdale,29.93,93,1012
Paragould,53.33,100,1007
North Arlington,40.73,81,1030
Greensburg,44.33,62,1023
Mason,51.53,100,1017
Dayton,46.13,100,1018
Warren,49.73,100,1018
Cincinnati,51.53,100,1017
Brownstown,53.33,100,1016
Dallas,35.33,87,1007
Bozeman,10.13,68,1010
Hendersonville,51.53,72,1018
Sidney,64.13,60,1013
New York,37.13,81,1030
North Wales,38.93,87,1030
Fort Worth,33.53,93,1011
Union City,38.93,81,1027
San Pedro,89.33,58,1010
Louisville,56.93,87,1016
Mobile,62.33,94,1020
El Paso,29.93,34,1021
Greenfield Center,31.73,86,1027
Dryden,-24.07,83,1026
Lake Forest,24.53,86,1013
Jamestown,42.53,100,1022
El Cerrito,74.93,73,1013
Frankfort,58.73,69,1021
Fallsburg,31.73,86,1029
Lehighton,35.33,87,1029
Sells,35.33,39,1024
Spencer,-15.07,71,1024
Binghamton,33.53,87,1026
Rock Creek,-9.67,59,1027
Ontario,42.53,66,1023
Harwood,87.53,54,1008
Beech Grove,47.93,100,1015
Baker,73.13,88,1013
Palm Springs,38.93,70,1024
Tehachapi,31.73,92,1025
Worcester,38.93,75,1029
Ottawa,31.73,100,1024
Travelers Rest,47.93,100,1028
Solvay,38.93,86,1024
Fort Worth,33.53,93,1011
Harbor Beach,29.93,100,1017
Hyattsville,44.33,87,1030
Shawnee,6.53,79,1020
Owatonna,-4.27,71,1024
West Memphis,56.93,93,1010
Mount Hope,46.13,76,1026
Joplin,20.93,93,1010
Fort Myers,71.33,94,1024
Detroit,42.53,100,1016
Hardin,53.33,87,1017
Manistee,28.13,93,1016
Philadelphia,40.73,87,1030
Allegan,40.73,100,1013
Dallas,35.33,87,1007
Pittsburgh,47.93,71,1023
Buna,64.13,83,1009
Terre Haute,46.13,82,1012
Baltimore,42.53,87,1030
Hindman,49.73,55,1022
Concord,40.73,81,1027
Rochester,38.93,93,1024
Saint Michael,-4.27,60,1027
Bristol,40.73,81,1030
Purcell,11.93,78,1013
Augusta,31.73,80,1031
Beaumont,67.73,88,1010
Lagrange,56.93,72,1023
Hamilton,53.33,87,1017
Salida,38.93,81,1026
Upper Montclair,40.73,81,1030
Oak Hall,17.33,92,1017
North Charleston,47.93,55,1022
Aurora,4.73,78,1020
Whiteville,64.13,82,1030
Gilbert,40.73,29,1025
Providence,38.93,81,1029
Red Bay,55.13,88,1014
Portsmouth,37.13,81,1027
Opp,65.93,82,1022
Fancy Gap,40.73,93,1028
Rochester,38.93,93,1024
Madison,58.73,77,1019
Tarpon Springs,73.13,83,1026
Monterey,40.73,87,1026
Vernon,19.13,92,1004
Shaker Heights,44.33,87,1019
Glenville,42.53,76,1030
Greenville,53.33,72,1031
Owings Mills,40.73,87,1030
Sacramento,40.73,100,1025
Mosier,31.73,99,1007
Brookings,-16.87,83,1027
Baxley,65.93,100,1026
Terryville,38.93,93,1031
Long Island City,40.73,71,1030
Rancho Cucamonga,42.53,66,1023
Nampa,22.73,69,1015
Vero Beach,67.73,73,1026
Norridgewock,26.33,74,1026
Houston,71.33,94,1007
Tawas City,26.33,100,1017
Arlington,33.53,93,1008
Fort Collins,2.93,84,1016
Chesapeake,53.33,82,1032
Clovis,35.33,75,1027
Freedom,40.73,81,1027
Ardsley,40.73,81,1030
Concrete,31.73,81,1000
Burien,29.93,81,1002
Schenectady,33.53,99,1027
Allentown,38.93,87,1030
Irving,33.53,87,1007
Ashland,42.53,87,1019
Reynoldsburg,46.13,93,1019
Wellsville,33.53,99,1027
Statesville,44.33,81,1029
Anaconda,10.13,79,1009
Media,40.73,81,1030
Sandusky,46.13,93,1017
Eugene,35.33,87,1013
Miami,71.33,83,1025
Newark,42.53,76,1030
Newport,37.13,93,1025
Johnstown,38.93,76,1025
Lake View,60.53,77,1020
Cairo,40.73,87,1023
Wilmington,60.53,72,1031
Denver,4.73,73,1018
Boca Raton,71.33,78,1025
St Marys,55.13,33,1010
Sullivan,53.33,62,1026
Memphis,56.93,93,1010
Glide,35.33,75,1016
Lamoine,19.13,100,1005
Nevada,20.93,64,1019
Dallas,35.33,87,1007
Yonkers,40.73,81,1030
Northlake,22.73,93,1011
State College,28.13,99,1027
Federal Way,29.93,81,1002
Beaumont,67.73,88,1010
Alta,19.13,68,998
Bluffton,65.93,93,1028
Panama,82.13,83,1009
Morrisonville,31.73,93,1025
Compton,46.13,66,1023
Dade City,71.33,100,1026
Mansfield,28.13,81,1021
Olympia,33.53,100,1003
Fontana,42.53,71,1023
Victorville,37.13,63,1026
Marion,47.93,87,1013
Endicott,35.33,100,1025
Detroit,42.53,100,1016
Pembroke,28.13,100,1023
Elba,65.93,77,1022
Iuka,51.53,93,1015
Amagansett,40.73,93,1031
Rancho Cucamonga,42.53,66,1023
Houston,71.33,94,1007
Whittier,46.13,66,1023
Green Ridge,19.13,92,1013
Pittsburgh,47.93,71,1023
Homer,-6.07,55,1014
Baltimore,42.53,87,1030
Galveston,69.53,88,1007
Lynchburg,44.33,87,1030
Rockwood,55.13,72,1022
Stratford,37.13,93,1030
Lacey,29.93,87,1002
Barnum,-11.47,59,1027
St. Helena,71.33,79,1017
South Jordan,10.13,73,1022
Grayslake,24.53,86,1013
Bourbonnais,37.13,93,1009
Baton Rouge,71.33,88,1014
Stoneham,38.93,81,1029
Bluefield,51.53,87,1028
Canoga Park,44.33,54,1024
Falfurrias,73.13,69,1009
Monroe,38.93,93,1024
Charlotte,47.93,93,1030
New York,37.13,81,1030
Johnstown,38.93,76,1025
Portland,33.53,87,1008
Augusta,31.73,80,1031
Medford,33.53,81,1018
Flemingsburg,49.73,71,1019
Sammamish,29.93,81,1002
Corpus Christi,69.53,100,1009
San Mateo,89.33,58,1010
Chicago,24.53,93,1013
Kuna,22.73,59,1015
Ruffin,31.73,93,1032
Marmet,46.13,55,1022
Woodstock,37.13,100,1019
Rockwall,46.13,93,1004
Kalamazoo,44.33,100,1013
Seneca Falls,37.13,87,1024
Lilesville,51.53,77,1029
Liverpool,37.13,81,1018
Ishpeming,10.13,79,1022
Brooklyn,37.13,81,1030
Staten Island,37.13,76,1030
Myerstown,38.93,93,1030
New Albany,56.93,87,1016
San Antonio,46.13,66,1012
Wenatchee,19.13,92,1006
Cynthiana,49.73,72,1020
Dallas,35.33,87,1007
Henderson,31.73,41,1025
Baker City,17.33,86,1012
Dearborn,42.53,87,1016
Corsicana,47.93,100,1009
Savannah,62.33,82,1027
Rockingham,38.93,81,1028
Cedar Hill,33.53,87,1008
Salem,76.73,69,1017
Las Vegas,33.53,43,1025
Sharpsburg,49.73,81,1021
Burleson,33.53,93,1012
Reno,29.93,33,1019
Milton,56.93,87,1026
Parlin,31.73,87,1021
Cadet,67.73,73,1020
Asheville,44.33,93,1027
Twin Lake,37.13,100,1013
Denver,4.73,73,1018
Silver Spring,44.33,87,1030
Andalusia,67.73,68,1022
Kokomo,49.73,93,1012
Dorchester,64.13,93,1028
Louisville,56.93,87,1016
Ellenboro,13.73,92,1015
Woodbridge,40.73,81,1030
Staten Island,37.13,76,1030
Albia,28.13,86,1034
Joliet,29.93,100,1012
Glen Rock,40.73,81,1030
Fort Duchesne,-2.47,77,1024
Hempstead,37.13,81,1030
Portland,33.53,87,1008
Hastings,67.73,77,1016
Ontario,42.53,66,1023
Crenshaw,64.13,68,1021
Rockville,42.53,87,1029
Desoto,37.13,87,1006
Plainview,11.93,72,1016
Gastonia,46.13,76,1029
Beaufort,92.93,74,1009
Belfair,33.53,93,1001
San Francisco,40.73,81,1027
King City,38.93,87,1026
West Hempstead,37.13,81,1030
Port Washington,38.93,81,1030
Wausau,10.13,63,1020
Desoto,37.13,87,1006
Dothan,65.93,72,1024
